Framework,Reference,Requirement,Element ID,Element,Counts towards Covers,Source,Note
TCFD,TCFD Governance A,Describe the board’s oversight of climate-related risks and opportunities.,E1,"Processes and frequency by which the board and/or board committees (e.g., audit, risk, or other committees) are informed about climate-related issues",Yes,TCFD Governance A1,
TCFD,TCFD Governance A,Describe the board’s oversight of climate-related risks and opportunities.,E2,"Whether the board and/or board committees consider climate-related issues when reviewing and guiding strategy, major plans of action, risk management policies, annual budgets, and business plans as well as setting the organization’s performance objectives, monitoring implementation and performance, and overseeing major capital expenditures, acquisitions, and divestitures.",Yes,TCFD Governance A1,
TCFD,TCFD Governance A,Describe the board’s oversight of climate-related risks and opportunities.,E3,How the board monitors and oversees progress against goals and targets for addressing climate-related issues.,Yes,TCFD Governance A1,
TCFD,TCFD Governance B,Describe management’s role in assessing and managing climate-related risks and opportunities.,E1,"Whether the organization has assigned climate-related responsibilities to management-level positions or committees; and, if so, whether such management positions or committees report to the board or a committee of the board and whether those responsibilities include assessing and/or managing climate-related issues.",Yes,TCFD Governance B1,
TCFD,TCFD Governance B,Describe management’s role in assessing and managing climate-related risks and opportunities.,E2,A description of the associated organizational structure(s),Yes,TCFD Governance B1,
TCFD,TCFD Governance B,Describe management’s role in assessing and managing climate-related risks and opportunities.,E3,Processes by which management is informed about climate-related issues.,Yes,TCFD Governance B1,
TCFD,TCFD Governance B,Describe management’s role in assessing and managing climate-related risks and opportunities.,E4,How management (through specific positions and/or management committees) monitors climate-related issues.,Yes,TCFD Governance B1,
TCFD,TCFD Strategy A,"Describe the climate-related risks and opportunities the organization has identified over the short, medium, and long term.",E1,"A description of what they consider to be the relevant short-, medium-, and longterm time horizons, taking into consideration the useful life of the organization’s assets or infrastructure and the fact that climate-related issues often manifest themselves over the medium and longer terms",Yes,TCFD Strategy A1,
TCFD,TCFD Strategy A,"Describe the climate-related risks and opportunities the organization has identified over the short, medium, and long term.",E2,"A description of the specific climate-related issues potentially arising in each time horizon (short, medium, and long term) that could have a material financial impact on the organization.",Yes,TCFD Strategy A1,
TCFD,TCFD Strategy A,"Describe the climate-related risks and opportunities the organization has identified over the short, medium, and long term.",E3,A description of the process(es) used to determine which risks and opportunities could have a material financial impact on the organization.,Yes,TCFD Strategy A1,
TCFD,TCFD Strategy A,"Describe the climate-related risks and opportunities the organization has identified over the short, medium, and long term.",E4,"Organizations should consider providing a description of their risks and opportunities by sector and/or geography, as appropriate. In describing climate-related issues, organizations should refer to Tables A1.1 and A1.2 of https://assets.bbhub.io/company/sites/60/2021/07/2021-TCFD-Implementing_Guidance.pdf",Yes,TCFD Strategy A4,
TCFD,TCFD Strategy B,"Describe the impact of climate-related risks and opportunities on the organization’s businesses, strategy, and financial planning.",E1,"Building on Strategy A, organizations should discuss how identified climate-related issues have affected their businesses, strategy, and financial planning.",Yes,TCFD Strategy B1,
TCFD,TCFD Strategy B,"Describe the impact of climate-related risks and opportunities on the organization’s businesses, strategy, and financial planning.",E2,"Organizations should consider including the impact on their businesses, strategy, and financial planning in the following areas: Products and services; Supply chain and/or value chain; Adaptation and mitigation activities; Investment in research and development; Operations (including types of operations and location of facilities); Acquisitions or divestments; Access to capital",Yes,TCFD Strategy B2,
TCFD,TCFD Strategy B,"Describe the impact of climate-related risks and opportunities on the organization’s businesses, strategy, and financial planning.",E3,"Organizations should describe how climate-related issues serve as an input to their financial planning process, the time period(s) used, and how these risks and opportunities are prioritized. Organizations’ disclosures should reflect a holistic picture of the interdependencies among the factors that affect their ability to create value over time.",Yes,TCFD Strategy B3,
TCFD,TCFD Strategy B,"Describe the impact of climate-related risks and opportunities on the organization’s businesses, strategy, and financial planning.",E4,"Organizations should describe the impact of climate-related issues on their financial performance (e.g., revenues, costs) and financial position (e.g., assets, liabilities). If climate-related scenarios were used to inform the organization’s strategy and financial planning, such scenarios should be described.",Yes,TCFD Strategy B4,
TCFD,TCFD Strategy B,"Describe the impact of climate-related risks and opportunities on the organization’s businesses, strategy, and financial planning.",E5,"Organizations that have made GHG emissions reduction commitments, operate in jurisdictions that have made such commitments, or have agreed to meet investor expectations regarding GHG emissions reductions should describe their plans for transitioning to a low-carbon economy, which could include GHG emissions targets and specific activities intended to reduce GHG emissions in their operations and value chain or to otherwise support the transition.",Yes,TCFD Strategy B5,
TCFD,TCFD Strategy C,"Describe the resilience of the organization’s strategy, taking into consideration different climaterelated scenarios, including a 2°C or lower scenario.",E1,"Organizations should describe how resilient their strategies are to climate-related risks and opportunities, taking into consideration a transition to a low-carbon economy consistent with a 2°C or lower scenario and, where relevant to the organization, scenarios consistent with increased physical climate-related risks.",Yes,TCFD Strategy C1,
TCFD,TCFD Strategy C,"Describe the resilience of the organization’s strategy, taking into consideration different climaterelated scenarios, including a 2°C or lower scenario.",E2,Where they believe their strategies may be affected by climate-related risks and opportunities,Yes,TCFD Strategy C2,
TCFD,TCFD Strategy C,"Describe the resilience of the organization’s strategy, taking into consideration different climaterelated scenarios, including a 2°C or lower scenario.",E3,How their strategies might change to address such potential risks and opportunities,Yes,TCFD Strategy C2,
TCFD,TCFD Strategy C,"Describe the resilience of the organization’s strategy, taking into consideration different climaterelated scenarios, including a 2°C or lower scenario.",E4,"The potential impact of climate-related issues on financial performance (e.g., revenues, costs) and financial position (e.g., assets, liabilities)",Yes,TCFD Strategy C2,
TCFD,TCFD Strategy C,"Describe the resilience of the organization’s strategy, taking into consideration different climaterelated scenarios, including a 2°C or lower scenario.",E5,The climate-related scenarios and associated time horizon(s) considered.,Yes,TCFD Strategy C2,
TCFD,TCFD Risk Management A,Describe the organization’s processes for identifying and assessing climate-related risks.,E1,Their risk management processes for identifying and assessing climate-related risks. An important aspect of this description is how organizations determine the relative significance of climate-related risks in relation to other risks.,Yes,TCFD Risk Management A1,
TCFD,TCFD Risk Management A,Describe the organization’s processes for identifying and assessing climate-related risks.,E2,"Whether they consider existing and emerging regulatory requirements related to climate change (e.g., limits on emissions) as well as other relevant factors considered.",Yes,TCFD Risk Management A1,
TCFD,TCFD Risk Management A,Describe the organization’s processes for identifying and assessing climate-related risks.,E3,Processes for assessing the potential size and scope of identified climate-related risks,Yes,TCFD Risk Management A3,
TCFD,TCFD Risk Management A,Describe the organization’s processes for identifying and assessing climate-related risks.,E4,Definitions of risk terminology used or references to existing risk classification frameworks used.,Yes,TCFD Risk Management A3,
TCFD,TCFD Risk Management B,Describe the organization’s processes for managing climate-related risks.,E1,"Organizations should describe their processes for managing climate-related risks, including how they make decisions to mitigate, transfer, accept, or control those risks. In addition, organizations should describe their processes for prioritizing climate-related risks, including how materiality determinations are made within their organizations.",Yes,TCFD Risk Management B1,
TCFD,TCFD Risk Management C,"Describe how processes for identifying, assessing, and managing climate-related risks are integrated into the organization’s overall risk management.",E1,"Organizations should describe how their processes for identifying, assessing, and managing climate-related risks are integrated into their overall risk management.",Yes,TCFD Risk Management C1,
TCFD,TCFD Metrics and Targets A,Disclose the metrics used by the organization to assess climate-related risks and opportunities in line with its strategy and risk management process.,E1,"Organizations should provide the key metrics used to measure and manage climaterelated risks and opportunities, as described in Tables A1.1 and A1.2 (https://assets.bbhub.io/company/sites/60/2021/07/2021-TCFD-Implementing_Guidance.pdf), as well as metrics consistent with the cross-industry, climate-related metric categories described in Table A2.1. Organizations should consider including metrics on climate-related risks associated with water, energy, land use, and waste management where relevant and applicable.",Yes,TCFD Metrics and Targets A1,
TCFD,TCFD Metrics and Targets A,Disclose the metrics used by the organization to assess climate-related risks and opportunities in line with its strategy and risk management process.,E2,"Where climate-related issues are material, organizations should consider describing whether and how related performance metrics are incorporated into remuneration policies.",Yes,TCFD Metrics and Targets A2,
TCFD,TCFD Metrics and Targets A,Disclose the metrics used by the organization to assess climate-related risks and opportunities in line with its strategy and risk management process.,E3,"Where relevant, organizations should provide their internal carbon prices as well as climate-related opportunity metrics such as revenue from products and services designed for a low-carbon economy.",Yes,TCFD Metrics and Targets A3,
TCFD,TCFD Metrics and Targets A,Disclose the metrics used by the organization to assess climate-related risks and opportunities in line with its strategy and risk management process.,E4,"Metrics should be provided for historical periods to allow for trend analysis. Where appropriate, organizations should consider providing forward-looking metrics for the cross-industry, climate-related metric categories described in Table A2.1 (https://assets.bbhub.io/company/sites/60/2021/07/2021-TCFD-Implementing_Guidance.pdf), consistent with their business or strategic planning time horizons. In addition, where not apparent, organizations should provide a description of the methodologies used to calculate or estimate climate-related metrics.",Yes,TCFD Metrics and Targets A4,
TCFD,TCFD Metrics and Targets B,"Disclose Scope 1, Scope 2, and, if appropriate, Scope 3 greenhouse gas (GHG) emissions, and the related risks.",E1,"Organizations should provide their Scope 1 and Scope 2 GHG emissions independent of a materiality assessment, and, if appropriate, Scope 3 GHG emissions and the related risks. All organizations should consider disclosing Scope 3 GHG emissions.",Yes,TCFD Metrics and Targets B1,
TCFD,TCFD Metrics and Targets B,"Disclose Scope 1, Scope 2, and, if appropriate, Scope 3 greenhouse gas (GHG) emissions, and the related risks.",E2,"GHG emissions should be calculated in line with the GHG Protocol methodology to allow for aggregation and comparability across organizations and jurisdictions. As appropriate, organizations should consider providing related, generally accepted industry-specific GHG efficiency ratios.",Yes,TCFD Metrics and Targets B2,
TCFD,TCFD Metrics and Targets B,"Disclose Scope 1, Scope 2, and, if appropriate, Scope 3 greenhouse gas (GHG) emissions, and the related risks.",E3,"GHG emissions and associated metrics should be provided for historical periods to allow for trend analysis. In addition, where not apparent, organizations should provide a description of the methodologies used to calculate or estimate the metrics.",Yes,TCFD Metrics and Targets B3,
TCFD,TCFD Metrics and Targets C,Describe the targets used by the organization to manage climate-related risks and opportunities and performance against targets.,E1,"Organizations should describe their key climate-related targets such as those related to GHG emissions, water usage, energy usage, etc., in line with the cross-industry, climaterelated metric categories in Table A2.1 (https://assets.bbhub.io/company/sites/60/2021/07/2021-TCFD-Implementing_Guidance.pdf), where relevant, and in line with anticipated regulatory requirements or market constraints or other goals. Other goals may include efficiency or financial goals, financial loss tolerances, avoided GHG emissions through the entire product life cycle, or net revenue goals for products and services designed for a low-carbon economy.",Yes,TCFD Metrics and Targets C1,
TCFD,TCFD Metrics and Targets C,Describe the targets used by the organization to manage climate-related risks and opportunities and performance against targets.,E2,Whether the target is absolute or intensity based,Yes,TCFD Metrics and Targets C2,
TCFD,TCFD Metrics and Targets C,Describe the targets used by the organization to manage climate-related risks and opportunities and performance against targets.,E3,Time frames over which the target applies,Yes,TCFD Metrics and Targets C2,
TCFD,TCFD Metrics and Targets C,Describe the targets used by the organization to manage climate-related risks and opportunities and performance against targets.,E4,Base year from which progress is measured,Yes,TCFD Metrics and Targets C2,
TCFD,TCFD Metrics and Targets C,Describe the targets used by the organization to manage climate-related risks and opportunities and performance against targets.,E5,Key performance indicators used to assess progress against targets,Yes,TCFD Metrics and Targets C2,
TCFD,TCFD Metrics and Targets C,Describe the targets used by the organization to manage climate-related risks and opportunities and performance against targets.,E6,"Organizations disclosing medium-term or long-term targets should also disclose associated interim targets in aggregate or by business line, where available.",Yes,TCFD Metrics and Targets C3,
TCFD,TCFD Metrics and Targets C,Describe the targets used by the organization to manage climate-related risks and opportunities and performance against targets.,E7,"Where not apparent, organizations should provide a description of the methodologies used to calculate targets and measures.",Yes,TCFD Metrics and Targets C4,
TNFD,TNFD Governance A,"Describe the board’s oversight of naturerelated dependencies, impacts, risks and opportunities.",E1,"The processes and frequency by which the board and/or board committees (audit, risk or other committees) are informed about nature-related dependencies, impacts, risks and opportunities across the organisation’s direct operations and upstream and downstream value chain(s).",Yes,TNFD Governance A1,
TNFD,TNFD Governance A,"Describe the board’s oversight of naturerelated dependencies, impacts, risks and opportunities.",E2,"Whether and how the board and/or board committees consider nature-related dependencies, impacts, risks and opportunities when: Reviewing and guiding strategy, major plans of action, risk management policies, annual budgets and business plans; Setting the organisation’s performance objectives, monitoring implementation and performance; Overseeing major capital expenditures, acquisitions and divestitures.",Yes,TNFD Governance A1,
TNFD,TNFD Governance A,"Describe the board’s oversight of naturerelated dependencies, impacts, risks and opportunities.",E3,"How the board monitors and oversees progress against goals and targets to address nature-related dependencies, impacts, risks and opportunities.",Yes,TNFD Governance A1,
TNFD,TNFD Governance A,"Describe the board’s oversight of naturerelated dependencies, impacts, risks and opportunities.",E4,"The main features of board-level oversight of the sustainability reporting processes, including risk management processes and use of internal and external audit and assurance resources.",Yes,TNFD Governance A1,
TNFD,TNFD Governance A,"Describe the board’s oversight of naturerelated dependencies, impacts, risks and opportunities.",E5,Whether and how performance metrics for naturer-elated issues are incorporated into remuneration policies,Yes,TNFD Governance A1,
TNFD,TNFD Governance A,"Describe the board’s oversight of naturerelated dependencies, impacts, risks and opportunities.",E6,Number (absolute and proportion of total) of members of board with competence on nature-related issues.,No,TNFD Governance A6,Suggested in the guidance rather than expected
TNFD,TNFD Governance A,"Describe the board’s oversight of naturerelated dependencies, impacts, risks and opportunities.",E7,"Use, if any, of external expert advisers and subject matter experts, such as scientific advisers, to support board deliberations.",No,TNFD Governance A6,Suggested in the guidance rather than expected
TNFD,TNFD Governance A,"Describe the board’s oversight of naturerelated dependencies, impacts, risks and opportunities.",E8,Frequency that nature issues are discussed during board meetings.,No,TNFD Governance A6,Suggested in the guidance rather than expected
TNFD,TNFD Governance B,"Describe management’s role in assessing and managing nature-related dependencies, impacts, risks and opportunities.",E1,"Whether and how the organisation has assigned nature-related responsibilities to management-level positions or committees, whether such management positions or committees report to the board or board committee, and whether those responsibilities include assessing and/or managing nature-related dependencies, impacts, risks and opportunities.",Yes,TNFD Governance B1,
TNFD,TNFD Governance B,"Describe management’s role in assessing and managing nature-related dependencies, impacts, risks and opportunities.",E2,The associated organisational structure(s).,Yes,TNFD Governance B1,
TNFD,TNFD Governance B,"Describe management’s role in assessing and managing nature-related dependencies, impacts, risks and opportunities.",E3,"The controls and procedures by which management is informed about and monitors nature-related dependencies, impacts, risks and opportunities.",Yes,TNFD Governance B1,
TNFD,TNFD Governance B,"Describe management’s role in assessing and managing nature-related dependencies, impacts, risks and opportunities.",E4,"Highest level of responsibility and accountability for nature policies, commitments and targets.",No,TNFD Governance B4,Suggested in the guidance rather than expected
TNFD,TNFD Governance B,"Describe management’s role in assessing and managing nature-related dependencies, impacts, risks and opportunities.",E5,Frequency of communication of performance and progress in priority locations to management.,No,TNFD Governance B4,Suggested in the guidance rather than expected
TNFD,TNFD Governance C,"Describe the organisation’s human rights policies and engagement activities, and oversight by the board and management, with respect to Indigenous Peoples, Local Communities, affected and other stakeholders, in the organisation’s assessment of, and response to, nature-related dependencies, impacts, risks and opportunities.",E1,"A summary of the organisation’s commitments regarding: International standards of responsible business practice as set out in the UN Guiding Principles on Business and Human Rights and the OECD Guidelines for Multinational Enterprises on Responsible Business Conduct; Respect of the rights of Indigenous Peoples as reflected in the UN Declaration on the Rights of Indigenous Peoples, ILO Convention 169, the Convention on Biological Diversity; The UN General Assembly Resolution 76/300 on rights to a healthy environment.",Yes,TNFD Governance C1,
TNFD,TNFD Governance C,"Describe the organisation’s human rights policies and engagement activities, and oversight by the board and management, with respect to Indigenous Peoples, Local Communities, affected and other stakeholders, in the organisation’s assessment of, and response to, nature-related dependencies, impacts, risks and opportunities.",E2,"A description of how human rights due diligence processes, including but not limited to those covering the rights of Indigenous Peoples and Local Communities, are embedded in an organisation’s strategy, policies, codes of conduct, governance structures and best practices.",Yes,TNFD Governance C1,
TNFD,TNFD Governance C,"Describe the organisation’s human rights policies and engagement activities, and oversight by the board and management, with respect to Indigenous Peoples, Local Communities, affected and other stakeholders, in the organisation’s assessment of, and response to, nature-related dependencies, impacts, risks and opportunities.",E3,"The processes adopted to enable the monitoring, management and remediation of any adverse human rights impacts caused by the organisation or to which it significantly contributes through its business activities, supply chains and business relationships, including organisational grievance mechanisms.",Yes,TNFD Governance C1,
TNFD,TNFD Governance C,"Describe the organisation’s human rights policies and engagement activities, and oversight by the board and management, with respect to Indigenous Peoples, Local Communities, affected and other stakeholders, in the organisation’s assessment of, and response to, nature-related dependencies, impacts, risks and opportunities.",E4,"A summary of the organisation’s governance on nature-related advocacy and lobbying, and the organisation’s approach to engagement with public authorities on nature-related initiatives, policies and/or regulation.",Yes,TNFD Governance C1,
TNFD,TNFD Governance C,"Describe the organisation’s human rights policies and engagement activities, and oversight by the board and management, with respect to Indigenous Peoples, Local Communities, affected and other stakeholders, in the organisation’s assessment of, and response to, nature-related dependencies, impacts, risks and opportunities.",E5,"A summary of the organisation’s key nature-related advocacy and lobbying priorities and positions. This should be complemented, where relevant, with a summary of the main direct advocacy and lobbying activities undertaken by the organisation associated with nature-related regulation and public policy development.",Yes,TNFD Governance C1,
TNFD,TNFD Governance C,"Describe the organisation’s human rights policies and engagement activities, and oversight by the board and management, with respect to Indigenous Peoples, Local Communities, affected and other stakeholders, in the organisation’s assessment of, and response to, nature-related dependencies, impacts, risks and opportunities.",E6,"A description of the organisation’s involvement in any ongoing cases, or cases concluded in the reporting year, that concern nature-related dependencies or impacts that are brought to National Contact Points under the OECD Guidelines for Multinational Enterprises on Responsible Business Conduct.",Yes,TNFD Governance C1,
TNFD,TNFD Governance C,"Describe the organisation’s human rights policies and engagement activities, and oversight by the board and management, with respect to Indigenous Peoples, Local Communities, affected and other stakeholders, in the organisation’s assessment of, and response to, nature-related dependencies, impacts, risks and opportunities.",E7,"The engagement process(es) undertaken including: A description of the Indigenous Peoples, Local Communities and affected stakeholders engaged in the assessment and management of naturerelated dependencies, impacts, risks and opportunities, how they were identified, and a confirmation that this description has been agreed with those engaged; A statement of the purpose of the engagement and whether it takes place in relation to assessment, solution-finding, monitoring and/or evaluation of nature-related issues; A description of the approach to and process of engagement, whether engagement is one-off, periodic or ongoing, and whether it is through formal or informal structures; A description of whether engagement has been based on free, prior and informed consultation and participation and how Free Prior and Informed Consent (FPIC) has been obtained; A statement of how equitable Access and Benefit Sharing has been attained, particularly as it relates to Indigenous Peoples and Local Communities; A description of the results of the engagement processes with Indigenous Peoples, Local Communities and affected stakeholders, including how these are incorporated or otherwise addressed in the organisation’s materiality assessment, decision-making and responses to nature-related issues and their societal dimensions",Yes,TNFD Governance C1,
TNFD,TNFD Governance C,"Describe the organisation’s human rights policies and engagement activities, and oversight by the board and management, with respect to Indigenous Peoples, Local Communities, affected and other stakeholders, in the organisation’s assessment of, and response to, nature-related dependencies, impacts, risks and opportunities.",E8,"A statement of whether and how senior management and the board are informed about engagement processes with Indigenous Peoples, Local Communities and affected stakeholders, and their results.",Yes,TNFD Governance C1,
TNFD,TNFD Governance C,"Describe the organisation’s human rights policies and engagement activities, and oversight by the board and management, with respect to Indigenous Peoples, Local Communities, affected and other stakeholders, in the organisation’s assessment of, and response to, nature-related dependencies, impacts, risks and opportunities.",E9,"The organisation should consider reporting the following indicator to support this disclosure: Proportion of locations identified with material naturerelated issues and/or in sensitive locations that have active engagement with Indigenous Peoples, Local Communities and affected stakeholders on naturerelated issues.",No,TNFD Governance C10,Suggested in the guidance rather than expected
TNFD,TNFD Strategy A,"Describe the nature-related dependencies, impacts, risks and opportunities the organisation has identified over the short, medium and long term.",E1,The organisation should describe the material nature-related dependencies and impacts the organisation has identified in its direct operations and upstream and downstream value chain(s).,Yes,TNFD Strategy A1,
TNFD,TNFD Strategy A,"Describe the nature-related dependencies, impacts, risks and opportunities the organisation has identified over the short, medium and long term.",E2,"A description of the material impact on nature, including the location of the impact with reference to the location(s) identified in Strategy D and whether the impact relates to the organisation’s direct operations, or upstream or downstream value chain(s).",Yes,TNFD Strategy A2,
TNFD,TNFD Strategy A,"Describe the nature-related dependencies, impacts, risks and opportunities the organisation has identified over the short, medium and long term.",E3,"A description of the material impact on nature, including the impact pathway(s), including: The organisation’s impact driver(s) and any external factors that are affecting the state of nature; How these impact drivers and external trends lead to changes in the state of nature in these location(s); and How the availability of ecosystem services is affected.",Yes,TNFD Strategy A2,
TNFD,TNFD Strategy A,"Describe the nature-related dependencies, impacts, risks and opportunities the organisation has identified over the short, medium and long term.",E4,"A description of the material impact on nature, including reference to the relevant metrics disclosed in Metrics and Targets B",Yes,TNFD Strategy A2,
TNFD,TNFD Strategy A,"Describe the nature-related dependencies, impacts, risks and opportunities the organisation has identified over the short, medium and long term.",E5,"A description of the material dependency on nature, including the location of the dependency, with reference to the locations identified in Strategy D and whether the dependency relates to the organisation’s direct operations, or upstream or downstream value chain(s).",Yes,TNFD Strategy A2,
TNFD,TNFD Strategy A,"Describe the nature-related dependencies, impacts, risks and opportunities the organisation has identified over the short, medium and long term.",E6,"A description of the material dependency on nature,including the dependency pathway, including: The environmental asset(s) and ecosystem service(s) the organisation depends on; and The associated impact driver(s) and external factors that are affecting the state of nature and availability of ecosystem services",Yes,TNFD Strategy A2,
TNFD,TNFD Strategy A,"Describe the nature-related dependencies, impacts, risks and opportunities the organisation has identified over the short, medium and long term.",E7,"A description of the material dependency on nature, including reference to the relevant metrics disclosed in Metrics and Targets B.",Yes,TNFD Strategy A2,
TNFD,TNFD Strategy A,"Describe the nature-related dependencies, impacts, risks and opportunities the organisation has identified over the short, medium and long term.",E8,"A description of the material dependency on nature, including a description of any interconnections between the organisation’s dependencies and impacts.",Yes,TNFD Strategy A2,
TNFD,TNFD Strategy A,"Describe the nature-related dependencies, impacts, risks and opportunities the organisation has identified over the short, medium and long term.",E9,"An organisation should describe the material risks and opportunities it has identified that could affect its business model, value chain, strategy and financial position and how these arise from its dependencies and impacts on nature.",Yes,TNFD Strategy A10,
TNFD,TNFD Strategy A,"Describe the nature-related dependencies, impacts, risks and opportunities the organisation has identified over the short, medium and long term.",E10,"The organisation should disclose a description of each nature-related risk and opportunity identified by the organisation across eachtime horizon (short, medium and long term), withreference to the relevant metrics disclosed in Metrics and Targets A.",Yes,TNFD Strategy A11,
TNFD,TNFD Strategy A,"Describe the nature-related dependencies, impacts, risks and opportunities the organisation has identified over the short, medium and long term.",E11,"The organisation should disclose the TNFD risk and opportunity category to which the risk or opportunity belongs, including whether a risk is a physical or transition risk.",Yes,TNFD Strategy A12,
TNFD,TNFD Strategy B,"Describe the effect nature-related dependencies, impacts, risks and opportunities have had on the organisation’s business model, value chain, strategy and financial planning, as well as any transition plans or analysis in place.",E1,"The organisation should describe how the nature-related dependencies, impacts risks and opportunities identified in Strategy A have affected its business model, value chain, strategy and financial position.",Yes,TNFD Strategy B1,
TNFD,TNFD Strategy B,"Describe the effect nature-related dependencies, impacts, risks and opportunities have had on the organisation’s business model, value chain, strategy and financial planning, as well as any transition plans or analysis in place.",E2,The organisation should describe the current and anticipated effects of the identified risks and opportunities on its business model and value chain and where these risks and opportunities are located in its business model and value chain.,Yes,TNFD Strategy B2,
TNFD,TNFD Strategy B,"Describe the effect nature-related dependencies, impacts, risks and opportunities have had on the organisation’s business model, value chain, strategy and financial planning, as well as any transition plans or analysis in place.",E3,"How the organisation makes and implements decisions to avoid and reduce negative impacts on nature, regenerate and restore ecosystems and transform business practices, following the mitigation hierarchy and principles of extended producer responsibility.",Yes,TNFD Strategy B3,
TNFD,TNFD Strategy B,"Describe the effect nature-related dependencies, impacts, risks and opportunities have had on the organisation’s business model, value chain, strategy and financial planning, as well as any transition plans or analysis in place.",E4,"Current and anticipated changes to business practices, investments in new technologies or research and development, decisions about the location of business operations, and collaboration with other partners and stakeholders.",Yes,TNFD Strategy B3,
TNFD,TNFD Strategy B,"Describe the effect nature-related dependencies, impacts, risks and opportunities have had on the organisation’s business model, value chain, strategy and financial planning, as well as any transition plans or analysis in place.",E5,"Current and anticipated changes to upstream sourcing practices and interactions with downstream entities, such as the adoption of improved tracing, certification practices, collaboration with suppliers, customers and other stakeholders, or extended producer responsibility schemes.",Yes,TNFD Strategy B3,
TNFD,TNFD Strategy B,"Describe the effect nature-related dependencies, impacts, risks and opportunities have had on the organisation’s business model, value chain, strategy and financial planning, as well as any transition plans or analysis in place.",E6,"Current and anticipated changes to the organisation’s engagement through multi-stakeholder planning processes, such as landscape approaches, watershed management and marine and coastal spatial planning.",Yes,TNFD Strategy B3,
TNFD,TNFD Strategy B,"Describe the effect nature-related dependencies, impacts, risks and opportunities have had on the organisation’s business model, value chain, strategy and financial planning, as well as any transition plans or analysis in place.",E7,"Any other current and anticipated policies or efforts to mitigate nature-related risks, manage nature-related issues and/or contribute towards the goals and targets in the GBF.",Yes,TNFD Strategy B3,
TNFD,TNFD Strategy B,"Describe the effect nature-related dependencies, impacts, risks and opportunities have had on the organisation’s business model, value chain, strategy and financial planning, as well as any transition plans or analysis in place.",E8,How the nature-related risks and opportunities have affected the financial position of the organisation in the reporting period,Yes,TNFD Strategy B8,
TNFD,TNFD Strategy B,"Describe the effect nature-related dependencies, impacts, risks and opportunities have had on the organisation’s business model, value chain, strategy and financial planning, as well as any transition plans or analysis in place.",E9,"The anticipated effects on revenues, expenses, cashflows, asset and liability values and funding sources over the short, medium and long term",Yes,TNFD Strategy B8,
TNFD,TNFD Strategy B,"Describe the effect nature-related dependencies, impacts, risks and opportunities have had on the organisation’s business model, value chain, strategy and financial planning, as well as any transition plans or analysis in place.",E10,Whether the organisation anticipates any significant investments or asset disposals as a result of the nature-related risks and opportunities identified.,Yes,TNFD Strategy B8,
TNFD,TNFD Strategy B,"Describe the effect nature-related dependencies, impacts, risks and opportunities have had on the organisation’s business model, value chain, strategy and financial planning, as well as any transition plans or analysis in place.",E11,How nature-related risks and opportunities serve as an input to their financial planning processes.,Yes,TNFD Strategy B8,
TNFD,TNFD Strategy B,"Describe the effect nature-related dependencies, impacts, risks and opportunities have had on the organisation’s business model, value chain, strategy and financial planning, as well as any transition plans or analysis in place.",E12,"Organisations that have made nature-related commitments, set nature-related targets and/or made nature transition plans to address nature-related dependencies, impacts, risks and opportunities should describe their commitments, how they will achieve them and how they are aligned to GBF goals and targets.",Yes,TNFD Strategy B12,
TNFD,TNFD Strategy C,"Describe the resilience of the organisation’s strategy to nature-related risks and opportunities, taking into consideration different scenarios.",E1,"The organisation should disclose information on the resilience of its strategy, business model and value chain to nature-related changes, developments and uncertainties, taking into consideration the organisation’s nature-related risks and opportunities identified in Strategy A. The organisation should use nature-related scenario analysis to assess its strategy resilience, using an approach that is commensurate with the organisation’s circumstances.",Yes,TNFD Strategy C1,
TNFD,TNFD Strategy C,"Describe the resilience of the organisation’s strategy to nature-related risks and opportunities, taking into consideration different scenarios.",E2,"The organisation should describe the ways in which it believes its strategy, business model and value chain may be affected over the short, medium and long term by key trends and critical uncertainties regarding physical risks associated with nature loss and possible tipping points in locations material to its business model and value chain (as identified in Strategy D).",Yes,TNFD Strategy C2,
TNFD,TNFD Strategy C,"Describe the resilience of the organisation’s strategy to nature-related risks and opportunities, taking into consideration different scenarios.",E3,"The organisation should describe the ways in which it believes its strategy, business model and value chain may be affected over the short, medium and long term by key trends and critical uncertainties regarding a range of transition risks, such as changes in government policy and regulation, litigation risk and shifting consumer expectations, and the degree of alignment or misalignment of those transition risk uncertainties.",Yes,TNFD Strategy C3,
TNFD,TNFD Strategy C,"Describe the resilience of the organisation’s strategy to nature-related risks and opportunities, taking into consideration different scenarios.",E4,"The organisation should describe how its strategies might change to address such potential trends and uncertainties, including a description of how the organisation took into consideration location specificity.",Yes,TNFD Strategy C4,
TNFD,TNFD Strategy C,"Describe the resilience of the organisation’s strategy to nature-related risks and opportunities, taking into consideration different scenarios.",E5,"The organisation should describe the potential effects, if assessed, of an increased level and/or increased rate of change of nature-related risks and opportunities on financial performance (i.e. revenues and expenses) and financial position (i.e. assets and liabilities) over the short, medium and long term.",Yes,TNFD Strategy C5,
TNFD,TNFD Strategy C,"Describe the resilience of the organisation’s strategy to nature-related risks and opportunities, taking into consideration different scenarios.",E6,"The organisation should describe the resources and capacity the organisation has, or plans to put in place, to adapt and make identified changes to its strategy to address future changes in the potential effects of nature-related risks and opportunities.",Yes,TNFD Strategy C6,
TNFD,TNFD Strategy C,"Describe the resilience of the organisation’s strategy to nature-related risks and opportunities, taking into consideration different scenarios.",E7,"The organisation should describe its use of scenario tools and methodologies, if any, to inform its thinking about the resilience of its strategy, including a brief description of the scenario narratives used, the time horizons considered and the key insights gained.",Yes,TNFD Strategy C7,
TNFD,TNFD Strategy D,"Disclose the locations of assets and/or activities in the organisation’s direct operations and, where possible, upstream and downstream value chain(s) that meet the criteria for priority locations",E1,"In its direct operations and upstream and downstream value chain(s), where material nature-related dependencies, impacts, risks and opportunities have been identified, and whether any of these locations meet the criteria for sensitive locations",Yes,TNFD Strategy D2,
TNFD,TNFD Strategy D,"Disclose the locations of assets and/or activities in the organisation’s direct operations and, where possible, upstream and downstream value chain(s) that meet the criteria for priority locations",E2,"In its direct operations and, where possible upstream and downstream value chain(s), that are in sensitive locations as defined above.",Yes,TNFD Strategy D2,
TNFD,TNFD Strategy D,"Disclose the locations of assets and/or activities in the organisation’s direct operations and, where possible, upstream and downstream value chain(s) that meet the criteria for priority locations",E3,"An organisation should provide a description of how the organisation has defined sensitive locations, with reference to the tools, data sources and indicators and metrics used.",Yes,TNFD Strategy D3,
TNFD,TNFD Strategy D,"Disclose the locations of assets and/or activities in the organisation’s direct operations and, where possible, upstream and downstream value chain(s) that meet the criteria for priority locations",E4,An organisation should provide a description of the process followed to identify priority locations for disclosure.,Yes,TNFD Strategy D4,
TNFD,TNFD Strategy D,"Disclose the locations of assets and/or activities in the organisation’s direct operations and, where possible, upstream and downstream value chain(s) that meet the criteria for priority locations",E5,"An organisation should provide a description of the level of geographic specificity achieved, if and how locations have been aggregated, and the rationale for any aggregation, with reference to general requirement 3.",Yes,TNFD Strategy D5,
TNFD,TNFD Strategy D,"Disclose the locations of assets and/or activities in the organisation’s direct operations and, where possible, upstream and downstream value chain(s) that meet the criteria for priority locations",E6,"An organisation should provide the organisations intentions to improve or expand its location assessment activities over the short, medium and long term.",Yes,TNFD Strategy D6,
TNFD,TNFD Risk Management A(i),"Describe the organisation’s processes for identifying, assessing and prioritising nature-related dependencies, impacts, risks and opportunities in its direct operations.",E1,"How the organisation identifies existing and emerging nature-related dependencies, impacts, risks and opportunities that may be material to the organisation, including factors such as: The materiality definitions and application guidance used with respect to the organisation’s materiality assessment; The degree of location-specificity used (e.g. sitespecific, local, sub-national), taking into account the differences in dependencies, impacts, risks and opportunities across locations; The timescales considered; Whether and how ecological thresholds and tipping points were considered; The frequency of assessment; Whether and how existing and emerging policy changes and regulatory requirements related to climate change and nature loss were considered (e.g. restrictions on water or land use).",Yes,TNFD Risk Management A(i)1,
TNFD,TNFD Risk Management A(i),"Describe the organisation’s processes for identifying, assessing and prioritising nature-related dependencies, impacts, risks and opportunities in its direct operations.",E2,"How the organisation assesses nature-related risks and opportunities for the magnitude of potential effects on the organisation, including processes for assessing the potential size and scope of identified nature-related risks and opportunities and the likelihood of the effects of those risks, based on its understanding of how nature-related risks and opportunities originate from the identified dependencies and impacts.",Yes,TNFD Risk Management A(i)1,
TNFD,TNFD Risk Management A(i),"Describe the organisation’s processes for identifying, assessing and prioritising nature-related dependencies, impacts, risks and opportunities in its direct operations.",E3,How the organisation determines the relative significance of nature-related risks and opportunities in relation to other risks and opportunities and prioritises risks and opportunities to inform risk and opportunity responses and risk and opportunity management decision-making.,Yes,TNFD Risk Management A(i)1,
TNFD,TNFD Risk Management A(i),"Describe the organisation’s processes for identifying, assessing and prioritising nature-related dependencies, impacts, risks and opportunities in its direct operations.",E4,An assessment of the quality of the data used and the implications for the analysis.,Yes,TNFD Risk Management A(i)5,
TNFD,TNFD Risk Management A(i),"Describe the organisation’s processes for identifying, assessing and prioritising nature-related dependencies, impacts, risks and opportunities in its direct operations.",E5,A description of any improvements made to data quality since the previous disclosure period and plans to improve data quality over time.,Yes,TNFD Risk Management A(i)5,
TNFD,TNFD Risk Management A(i),"Describe the organisation’s processes for identifying, assessing and prioritising nature-related dependencies, impacts, risks and opportunities in its direct operations.",E6,The methodology and information sources used for key data not obtained directly from the organisation’s operations.,Yes,TNFD Risk Management A(i)5,
TNFD,TNFD Risk Management A(i),"Describe the organisation’s processes for identifying, assessing and prioritising nature-related dependencies, impacts, risks and opportunities in its direct operations.",E7,"Definitions of the risk terminology used, or references to existing risk classification frameworks used, where appropriate and relevant to understanding the process followed.",Yes,TNFD Risk Management A(i)5,
TNFD,TNFD Risk Management A(ii),"Describe the organisation’s processes for identifying, assessing and prioritising nature-related dependencies, impacts, risks and opportunities in its upstream and downstream value chain(s).",E1,"How the organisation defines the value chain(s), its scope and constituent elements.",Yes,TNFD Risk Management A(ii)1,
TNFD,TNFD Risk Management A(ii),"Describe the organisation’s processes for identifying, assessing and prioritising nature-related dependencies, impacts, risks and opportunities in its upstream and downstream value chain(s).",E2,The scope of the value chain(s) considered.,Yes,TNFD Risk Management A(ii)1,
TNFD,TNFD Risk Management A(ii),"Describe the organisation’s processes for identifying, assessing and prioritising nature-related dependencies, impacts, risks and opportunities in its upstream and downstream value chain(s).",E3,"How the organisation determines which elements of the value chain(s) are to be assessed (e.g. based on the TNFD’s additional guidance; the commodities used; products, locations, processes; and/or degree of influence over the issue).",Yes,TNFD Risk Management A(ii)1,
TNFD,TNFD Risk Management A(ii),"Describe the organisation’s processes for identifying, assessing and prioritising nature-related dependencies, impacts, risks and opportunities in its upstream and downstream value chain(s).",E4,The elements of the value chain(s) selected for assessment using this process.,Yes,TNFD Risk Management A(ii)1,
TNFD,TNFD Risk Management A(ii),"Describe the organisation’s processes for identifying, assessing and prioritising nature-related dependencies, impacts, risks and opportunities in its upstream and downstream value chain(s).",E5,"How the organisation reviews its approach to identifying elements of the value chain(s) for assessment to reflect new, emerging and changing risks and opportunities that may affect the organisation.",Yes,TNFD Risk Management A(ii)1,
TNFD,TNFD Risk Management A(ii),"Describe the organisation’s processes for identifying, assessing and prioritising nature-related dependencies, impacts, risks and opportunities in its upstream and downstream value chain(s).",E6,"How the organisation assesses dependencies, impacts, risks and opportunities associated with its value chain(s).",Yes,TNFD Risk Management A(ii)1,
TNFD,TNFD Risk Management A(ii),"Describe the organisation’s processes for identifying, assessing and prioritising nature-related dependencies, impacts, risks and opportunities in its upstream and downstream value chain(s).",E7,The materiality definitions and application guidance used with respect to the organisation’s materiality assessment.,Yes,TNFD Risk Management A(ii)1,
TNFD,TNFD Risk Management A(ii),"Describe the organisation’s processes for identifying, assessing and prioritising nature-related dependencies, impacts, risks and opportunities in its upstream and downstream value chain(s).",E8,The timescales considered for the assessment.,Yes,TNFD Risk Management A(ii)1,
TNFD,TNFD Risk Management A(ii),"Describe the organisation’s processes for identifying, assessing and prioritising nature-related dependencies, impacts, risks and opportunities in its upstream and downstream value chain(s).",E9,Whether and how ecological thresholds and tipping points have been considered.,Yes,TNFD Risk Management A(ii)1,
TNFD,TNFD Risk Management A(ii),"Describe the organisation’s processes for identifying, assessing and prioritising nature-related dependencies, impacts, risks and opportunities in its upstream and downstream value chain(s).",E10,"The degree of location-specificity achieved and the implications for the analysis, including: An assessment of the quality of the data used and the implications for the analysis; The improvements in data quality, traceability and location-specificity achieved since the disclosure in prior periods; Which data are obtained directly from suppliers or customers and which are estimated; The methodology and data sources used when data are not obtained directly from suppliers or customers, including the use of proxy data; The strategy to increase data quality, traceability and location-specificity over time, the barriers to such improvements and the approach to overcoming those barriers",Yes,TNFD Risk Management A(ii)1,
TNFD,TNFD Risk Management A(ii),"Describe the organisation’s processes for identifying, assessing and prioritising nature-related dependencies, impacts, risks and opportunities in its upstream and downstream value chain(s).",E11,"How the organisation assesses nature-related risks and opportunities in its value chain(s) based on the magnitude of potential effects on the organisation, including processes for assessing the potential size and scope of identified nature-related risks and opportunities and the likelihood of the effects of those risks, based on its understanding of how nature-related risks and opportunities originate from the identified dependencies and impacts.",Yes,TNFD Risk Management A(ii)1,
TNFD,TNFD Risk Management A(ii),"Describe the organisation’s processes for identifying, assessing and prioritising nature-related dependencies, impacts, risks and opportunities in its upstream and downstream value chain(s).",E12,"How the organisation determines the relative significance of nature-related risks and opportunities in its value chain(s) in relation to other risks and opportunities, including processes for prioritising risks and opportunities to inform risk and opportunity responses and risk and opportunity management decision-making.",Yes,TNFD Risk Management A(ii)1,
TNFD,TNFD Risk Management B,"Describe the organisation’s processes for managing nature-related dependencies, impacts, risks and opportunities.",E1,"The organisation should describe its processes for managing nature-related dependencies, impacts, risks and opportunities.",Yes,TNFD Risk Management B1,
TNFD,TNFD Risk Management B,"Describe the organisation’s processes for managing nature-related dependencies, impacts, risks and opportunities.",E2,"This should include information about the inputs and parameters the organisation uses (for example, information about data sources and the scope of operations covered in the processes).",Yes,TNFD Risk Management B2,
TNFD,TNFD Risk Management B,"Describe the organisation’s processes for managing nature-related dependencies, impacts, risks and opportunities.",E3,"This should include information about the inputs and parameters the organisation uses (for example, information about data sources and the scope of operations the risk management tools the organisation uses to assess the organisation’s overall risk profile in light of those risks.",Yes,TNFD Risk Management B3,
TNFD,TNFD Risk Management B,"Describe the organisation’s processes for managing nature-related dependencies, impacts, risks and opportunities.",E4,"This should include information about the inputs and parameters the organisation uses (for example, information about data sources and the scope of operations how the organisation monitors nature-related risks.",Yes,TNFD Risk Management B4,
TNFD,TNFD Risk Management C,"Describe how processes for identifying, assessing, prioritising and monitoring naturerelated risks are integrated into and inform the organisation’s overall risk management processes.",E1,"The organisation should describe whether and how its processes for identifying, assessing, prioritising and monitoring nature-related risks are integrated into its overall risk management process.",Yes,TNFD Risk Management C1,
TNFD,TNFD Metrics and Targets A,Disclose the metrics used by the organisation to assess and manage material nature-related risks and opportunities in line with its strategy and risk management process.,E1,All core global and core sector risk and opportunity metrics listed in Annex 1 reported at the organisational level,Yes,TNFD Metrics and Targets A1,
TNFD,TNFD Metrics and Targets A,Disclose the metrics used by the organisation to assess and manage material nature-related risks and opportunities in line with its strategy and risk management process.,E2,"Any other relevant metrics, drawing on the TNFD additional disclosure indicators and metrics listed in Annex 2 and the organisation’s own assessment metrics as appropriate, reported at the appropriate organisational level (e.g. site, product, service, region or organisation) to reflect most accurately the magnitude of risks and opportunities described in Strategy A.",Yes,TNFD Metrics and Targets A1,
TNFD,TNFD Metrics and Targets A,Disclose the metrics used by the organisation to assess and manage material nature-related risks and opportunities in line with its strategy and risk management process.,E3,"Financial information about the effects of naturerelated risks and opportunities on the organisation, with reference to effects reported in Strategy B",No,TNFD Metrics and Targets A1,Suggested in the guidance rather than expected
TNFD,TNFD Metrics and Targets A,Disclose the metrics used by the organisation to assess and manage material nature-related risks and opportunities in line with its strategy and risk management process.,E4,"Insight into how the organisation monitors actions, policies and strategies to manage risks and opportunities, with reference to Strategy B and Risk and Impact Management B.",No,TNFD Metrics and Targets A1,Suggested in the guidance rather than expected
TNFD,TNFD Metrics and Targets A,Disclose the metrics used by the organisation to assess and manage material nature-related risks and opportunities in line with its strategy and risk management process.,E5,"Indicators and metrics should also be disclosed for historical periods, including prior year comparisons to allow for trend analysis. When appropriate, the organisation should disclose forward-looking naturerelated indicators and metrics, consistent with its business or strategic planning time horizons.",Yes,TNFD Metrics and Targets A4,
TNFD,TNFD Metrics and Targets A,Disclose the metrics used by the organisation to assess and manage material nature-related risks and opportunities in line with its strategy and risk management process.,E6,"The organisation should describe the methodologies and assumptions used to calculate or estimate naturerelated indicators and metrics, including any limitations.",Yes,TNFD Metrics and Targets A5,
TNFD,TNFD Metrics and Targets A,Disclose the metrics used by the organisation to assess and manage material nature-related risks and opportunities in line with its strategy and risk management process.,E7,"An organisation should provide a short explanation where any core metrics are not reported. A core metric may be omitted where it has: Not been identified as relevant or material to the organisation; or; Been identified as relevant and material, but the organisation is unable to measure it due to limitations with methodologies or access to data. In this case, organisations should explain how they plan to address this in future reporting periods.",Yes,TNFD Metrics and Targets A6,
TNFD,TNFD Metrics and Targets B,Disclose the metrics used by the organisation to assess and manage dependencies and impacts on nature.,E1,All core global and core sector metrics for dependencies and impacts listed in Annex 4 and in relevant sector guidance,Yes,TNFD Metrics and Targets B1,
TNFD,TNFD Metrics and Targets B,Disclose the metrics used by the organisation to assess and manage dependencies and impacts on nature.,E2,"Any other relevant metrics, drawing on the TNFD additional disclosure indicators and metrics listed in Annex 2 and the organisation’s own assessment metrics as appropriate.",Yes,TNFD Metrics and Targets B1,
TNFD,TNFD Metrics and Targets B,Disclose the metrics used by the organisation to assess and manage dependencies and impacts on nature.,E3,"These metrics should cover the organisation’s impact drivers associated with each material dependency and impact identified in Strategy A, indicating what the impact driver is (i.e. the type of pollutant emitted), the magnitude (i.e. the quantity of pollutant) and the location in which the impact driver occurs, with reference to Strategy D.",Yes,TNFD Metrics and Targets B3,
TNFD,TNFD Metrics and Targets B,Disclose the metrics used by the organisation to assess and manage dependencies and impacts on nature.,E4,Other elements of the dependency and impact pathway (qualitatively if quantitative metrics are not yet available) including:,No,TNFD Metrics and Targets B4,Suggested in the guidance rather than expected
TNFD,TNFD Metrics and Targets B,Disclose the metrics used by the organisation to assess and manage dependencies and impacts on nature.,E5,"Changes in the state of nature (e.g. ecosystem condition and extent, and species population size and extinction risk)",No,TNFD Metrics and Targets B4,Suggested in the guidance rather than expected
TNFD,TNFD Metrics and Targets B,Disclose the metrics used by the organisation to assess and manage dependencies and impacts on nature.,E6,Changes in the availability of ecosystem services.,No,TNFD Metrics and Targets B4,Suggested in the guidance rather than expected
TNFD,TNFD Metrics and Targets B,Disclose the metrics used by the organisation to assess and manage dependencies and impacts on nature.,E7,"Actions, policies and strategies to manage these impacts and dependencies, as disclosed in Strategy B.",No,TNFD Metrics and Targets B4,Suggested in the guidance rather than expected
TNFD,TNFD Metrics and Targets B,Disclose the metrics used by the organisation to assess and manage dependencies and impacts on nature.,E8,"Aggregated impact drivers for the organisation’s direct operations, and upstream and downstream value chain(s) to the extent possible, and by product or service line if material, using the core global and core sector metrics listed in Annex 1 and in relevant sector guidance. Where organisations are not able to report metrics for the full value chain, organisations are encouraged to report metrics at the stage of the value chain that is most representative of their material nature-related issues. For metrics focused on the use of natural commodities, this is likely to require reporting on upstream activities.",No,TNFD Metrics and Targets B4,Suggested in the guidance rather than expected
TNFD,TNFD Metrics and Targets B,Disclose the metrics used by the organisation to assess and manage dependencies and impacts on nature.,E9,"An organisation should provide a short explanation where any core metrics are not reported explaining whether it has: Not been identified as relevant or material to the organisation; or; Been identified as relevant and material, but the organisation is unable to measure it due to limitations with methodologies or access to data. In this case, organisations should explain how they plan to address this in future reporting periods.",Yes,TNFD Metrics and Targets B7,
TNFD,TNFD Metrics and Targets B,Disclose the metrics used by the organisation to assess and manage dependencies and impacts on nature.,E10,Metrics should be reported against a clear and transparent baseline and/or reference condition where possible.,Yes,TNFD Metrics and Targets B8,
TNFD,TNFD Metrics and Targets B,Disclose the metrics used by the organisation to assess and manage dependencies and impacts on nature.,E11,"Metrics should be reported separately for negative and positive impacts, not on a net basis.",Yes,TNFD Metrics and Targets B9,
TNFD,TNFD Metrics and Targets B,Disclose the metrics used by the organisation to assess and manage dependencies and impacts on nature.,E12,"Metrics should be reported with reference to whether they relate to the organisation’s direct operations, upstream value chain(s) or downstream value chain(s).",Yes,TNFD Metrics and Targets B10,
TNFD,TNFD Metrics and Targets B,Disclose the metrics used by the organisation to assess and manage dependencies and impacts on nature.,E13,"Metrics should be reported with an absolute figure, the rate of change, and an intensity/efficiency ratio. The TNFD disclosure metrics contained with Annexes 1 and 2 are mostly listed at the absolute level. Organisations are encouraged to use the best practice intensity/efficiency ratios for their sectors, describing the rationale for selection of ratios.",Yes,TNFD Metrics and Targets B11,
TNFD,TNFD Metrics and Targets B,Disclose the metrics used by the organisation to assess and manage dependencies and impacts on nature.,E14,"If and how metrics have been aggregated, in line with general requirement 3 and including the scientific justification for aggregating metrics and/or locations (e.g. ecological equivalency or industry best practice with references), the methodologies used and any limitations or assumptions.",Yes,TNFD Metrics and Targets B12,
TNFD,TNFD Metrics and Targets B,Disclose the metrics used by the organisation to assess and manage dependencies and impacts on nature.,E15,"A description of the methodologies, tools and data platforms used to obtain key data; the assumptions, tools and data platforms used to calculate or estimate nature-related indicators and metrics; and any limitations, including a lack of data or the use of proxy data and industry averages.",Yes,TNFD Metrics and Targets B12,
TNFD,TNFD Metrics and Targets B,Disclose the metrics used by the organisation to assess and manage dependencies and impacts on nature.,E16,"When appropriate, forward-looking nature-related indicators and metrics, consistent with its business or strategic planning time horizons.",Yes,TNFD Metrics and Targets B12,
TNFD,TNFD Metrics and Targets C,"Describe the targets and goals used by the organisation to manage nature-related dependencies, impacts, risks and opportunities and its performance against these.",E1,"The organisation should describe the targets and goals it has established to manage its nature-related dependencies, impacts, risks and opportunities, and disclose performance against these targets and goals.",Yes,TNFD Metrics and Targets C1,
TNFD,TNFD Metrics and Targets C,"Describe the targets and goals used by the organisation to manage nature-related dependencies, impacts, risks and opportunities and its performance against these.",E2,"The strategy or risk management objective the target seeks to address, including any anticipated regulatory requirements, market constraints, limitations or other contextual information relevant to understanding the target.",Yes,TNFD Metrics and Targets C2,
TNFD,TNFD Metrics and Targets C,"Describe the targets and goals used by the organisation to manage nature-related dependencies, impacts, risks and opportunities and its performance against these.",E3,The metric used to quantify the target and monitor performance.,Yes,TNFD Metrics and Targets C2,
TNFD,TNFD Metrics and Targets C,"Describe the targets and goals used by the organisation to manage nature-related dependencies, impacts, risks and opportunities and its performance against these.",E4,The targeted value of the metric.,Yes,TNFD Metrics and Targets C2,
TNFD,TNFD Metrics and Targets C,"Describe the targets and goals used by the organisation to manage nature-related dependencies, impacts, risks and opportunities and its performance against these.",E5,The baseline year and level of the metric.,Yes,TNFD Metrics and Targets C2,
TNFD,TNFD Metrics and Targets C,"Describe the targets and goals used by the organisation to manage nature-related dependencies, impacts, risks and opportunities and its performance against these.",E6,The timeframe for achieving the target.,Yes,TNFD Metrics and Targets C2,
TNFD,TNFD Metrics and Targets C,"Describe the targets and goals used by the organisation to manage nature-related dependencies, impacts, risks and opportunities and its performance against these.",E7,Short and medium term interim targets or target trajectory for the metric.,Yes,TNFD Metrics and Targets C2,
TNFD,TNFD Metrics and Targets C,"Describe the targets and goals used by the organisation to manage nature-related dependencies, impacts, risks and opportunities and its performance against these.",E8,"The methodology used to set the target and baseline, including whether the organisation has used any external standards when setting the target and whether these use a science-based approach.",Yes,TNFD Metrics and Targets C2,
TNFD,TNFD Metrics and Targets C,"Describe the targets and goals used by the organisation to manage nature-related dependencies, impacts, risks and opportunities and its performance against these.",E9,"Performance against the target relative to the baseline or reference condition on a historical and current year basis, updated annually, and expected performance against targets for the following year, where appropriate.",Yes,TNFD Metrics and Targets C2,
TNFD,TNFD Metrics and Targets C,"Describe the targets and goals used by the organisation to manage nature-related dependencies, impacts, risks and opportunities and its performance against these.",E10,"If the organisation exceeded or fell short of the target trajectory or is projected to do so, an explanation of the reasons and disclosure of any resulting adjustment or resetting of targets from the prior period.",Yes,TNFD Metrics and Targets C2,
TNFD,TNFD Metrics and Targets C,"Describe the targets and goals used by the organisation to manage nature-related dependencies, impacts, risks and opportunities and its performance against these.",E11,"Whether and how the target aligns with or supports the targets and goals of the Kunming–Montreal Global Biodiversity Framework, the Paris Agreement on climate change, the Sustainable Development Goals, Planetary Boundaries and other global reference environmental treaties, policy goals and system-wide initiatives.",Yes,TNFD Metrics and Targets C2,
TNFD,TNFD Metrics and Targets C,"Describe the targets and goals used by the organisation to manage nature-related dependencies, impacts, risks and opportunities and its performance against these.",E12,"In all cases, targets should be specific and timebound, quantified with metrics that can be suitably measured and are relevant to the organisation’s strategy or risk management plans, including the pursuit of opportunities.",Yes,TNFD Metrics and Targets C13,
TNFD,TNFD Metrics and Targets C,"Describe the targets and goals used by the organisation to manage nature-related dependencies, impacts, risks and opportunities and its performance against these.",E13,"The proportion of targets that address short term, medium term and long term risks and opportunities.",No,TNFD Metrics and Targets C14,Suggested in the guidance rather than expected
TNFD,TNFD Metrics and Targets C,"Describe the targets and goals used by the organisation to manage nature-related dependencies, impacts, risks and opportunities and its performance against these.",E14,The proportion of targets that are time-bound and quantifiable.,No,TNFD Metrics and Targets C14,Suggested in the guidance rather than expected
TNFD,TNFD Metrics and Targets C,"Describe the targets and goals used by the organisation to manage nature-related dependencies, impacts, risks and opportunities and its performance against these.",E15,The proportion of geographical sites/priority locations that are covered by targets.,No,TNFD Metrics and Targets C14,Suggested in the guidance rather than expected
TPT,TPT Strategy 1.1,"An entity shall disclose the Strategic Ambition of its transition plan. This shall comprise the entity’s objectives and priorities for responding and contributing to the transition towards a low-GHG emissions, climate-resilient economy, and set out whether and how the entity is pursuing these objectives and priorities in a manner that captures opportunities, avoids adverse impacts for stakeholders and society, and safeguards the natural environment.",E1,"Its objectives and priorities: For reducing its Scope 1, 2 and 3 GHG emissions in either its operations or value chain; For enhancing its resilience to the changing climate and responding to the risks and opportunities that arise from the transition to a low-GHG emissions, climate-resilient economy; For using the levers and capabilities it has available to embed and accelerate a transition to a lowGHG emissions climate-resilient economy",Yes,TPT Strategy 1.1a,
TPT,TPT Strategy 1.1,"An entity shall disclose the Strategic Ambition of its transition plan. This shall comprise the entity’s objectives and priorities for responding and contributing to the transition towards a low-GHG emissions, climate-resilient economy, and set out whether and how the entity is pursuing these objectives and priorities in a manner that captures opportunities, avoids adverse impacts for stakeholders and society, and safeguards the natural environment.",E2,"Whether and how it has identified, assessed and taken into account the impacts and dependencies of the transition plan on its stakeholders (e.g. its workforce, value chain counterparts, customers), society (e.g. local communities), the economy, and the natural environment, throughout its value chain, that may give rise to sustainability-related risks and opportunities",Yes,TPT Strategy 1.1a,
TPT,TPT Strategy 1.1,"An entity shall disclose the Strategic Ambition of its transition plan. This shall comprise the entity’s objectives and priorities for responding and contributing to the transition towards a low-GHG emissions, climate-resilient economy, and set out whether and how the entity is pursuing these objectives and priorities in a manner that captures opportunities, avoids adverse impacts for stakeholders and society, and safeguards the natural environment.",E3,"The extent to which it has taken into account and aligned with any external requirements, commitments, science-based targets, transition pathways, roadmaps, or scenarios, which may include: National or international commitments made by governments; Any targets it is required to meet by law or regulation; Sectoral pathways, roadmaps, or other climate scenarios; Voluntary commitments (e.g., existing public commitments, organisational and industry standards, contractual relationships, codes of practices etc.)",Yes,TPT Strategy 1.1a,
TPT,TPT Strategy 1.1,"An entity shall disclose the Strategic Ambition of its transition plan. This shall comprise the entity’s objectives and priorities for responding and contributing to the transition towards a low-GHG emissions, climate-resilient economy, and set out whether and how the entity is pursuing these objectives and priorities in a manner that captures opportunities, avoids adverse impacts for stakeholders and society, and safeguards the natural environment.",E4,"Any potential trade-offs, synergies or co-benefits identified between the objectives and priorities in 1.1a",Yes,TPT Strategy 1.1a,
TPT,TPT Strategy 1.1,"An entity shall disclose the Strategic Ambition of its transition plan. This shall comprise the entity’s objectives and priorities for responding and contributing to the transition towards a low-GHG emissions, climate-resilient economy, and set out whether and how the entity is pursuing these objectives and priorities in a manner that captures opportunities, avoids adverse impacts for stakeholders and society, and safeguards the natural environment.",E5,"Any short-, medium- and long-term targets and milestones it has set to measure progress, including how short-, medium-, and long-term are defined in the context of transition planning",Yes,TPT Strategy 1.1a,
TPT,TPT Strategy 1.2,An entity shall disclose a description of the current and anticipated implications of the entity’s Strategic Ambition on its business model and value chain.,E1,"At a high level the current and anticipated strategic changes to its business model and value chain, as elaborated in 2. Implementation Strategy and 3. Engagement Strategy",Yes,TPT Strategy 1.2a,
TPT,TPT Strategy 1.2,An entity shall disclose a description of the current and anticipated implications of the entity’s Strategic Ambition on its business model and value chain.,E2,The timeframe over which changes are expected to occur,Yes,TPT Strategy 1.2a,
TPT,TPT Strategy 1.3,An entity shall disclose key assumptions that it has made and external factors on which it depends in order to achieve the Strategic Ambition of its transition plan.,E1,"The nature of the key assumptions that it uses and external factors on which it depends, and their implications for the achievement of the Strategic Ambition of its transition plan; these may relate to matters such as: Policy and regulatory change; The decarbonisation trajectory of the global economy, relevant geographies, and/or sectors; Macroeconomic trends (e.g. labour availability, cost of borrowing etc.); Microeconomic and financial factors (e.g. availability of finance, relative prices); Technological developments; Access to counterparty data and reliability of data; Shifts in client and consumer demand; The levels of warming over the short-, medium-, and long-term; The physical impacts of the changing climate, and the regional and spatial implications of these; The effectiveness of adaptation efforts and possible limits to adaptation, and the regional and spatial implications of these",Yes,TPT Strategy 1.3a,
TPT,TPT Strategy 1.3,An entity shall disclose key assumptions that it has made and external factors on which it depends in order to achieve the Strategic Ambition of its transition plan.,E2,The timeframes over which any key assumptions and external factors under 1.3.a. are expected to occur,Yes,TPT Strategy 1.3a,
TPT,TPT Strategy 1.3,An entity shall disclose key assumptions that it has made and external factors on which it depends in order to achieve the Strategic Ambition of its transition plan.,E3,Whether and how the key assumptions under 1.3.a. are reflected in the entity’s financial statements.,Yes,TPT Strategy 1.3a,
TPT,TPT Strategy 2.1,"An entity shall disclose information about the short-, medium-, and long-term actions it is taking or plans to take in its business operations in order to achieve the Strategic Ambition of its transition plan.",E1,"Information about any current and anticipated actions, including timelines, relating to matters such as: Its production processes or equipment; Workforce adjustments; Supply chain and procurement",Yes,TPT Strategy 2.1a,
TPT,TPT Strategy 2.1,"An entity shall disclose information about the short-, medium-, and long-term actions it is taking or plans to take in its business operations in order to achieve the Strategic Ambition of its transition plan.",E2,"Information about any current and anticipated changes relating to the entity’s facilities and other physical assets, such as: The location of offices and operations; The responsible retirement or phase-out of GHG-intensive assets; The management of assets that are exposed to risks arising from the changing climate; The management of long-lived assets that may be impacted as a result of the transition to a low-GHG emissions, climate-resilient economy",Yes,TPT Strategy 2.1a,
TPT,TPT Strategy 2.1,"An entity shall disclose information about the short-, medium-, and long-term actions it is taking or plans to take in its business operations in order to achieve the Strategic Ambition of its transition plan.",E3,The expected principal contributions of its actions towards achieving its Strategic Ambition,Yes,TPT Strategy 2.1a,
TPT,TPT Strategy 2.2,"An entity shall disclose information about short-, medium-, and long-term actions it is taking or plans to take to change its portfolio of products and services in order to achieve the Strategic Ambition of its transition plan.",E1,"Information about any current and anticipated actions, including timelines, to change the portfolio of products and services that it provides or facilitates (e.g. via franchising, financing, or underwriting activities)",Yes,TPT Strategy 2.2a,
TPT,TPT Strategy 2.2,"An entity shall disclose information about short-, medium-, and long-term actions it is taking or plans to take to change its portfolio of products and services in order to achieve the Strategic Ambition of its transition plan.",E2,"Any underlying taxonomy, tools, methodologies, or definitions used to classify products and services under this Sub-Element",Yes,TPT Strategy 2.2a,
TPT,TPT Strategy 2.2,"An entity shall disclose information about short-, medium-, and long-term actions it is taking or plans to take to change its portfolio of products and services in order to achieve the Strategic Ambition of its transition plan.",E3,The expected principal contributions of its actions towards achieving its Strategic Ambition.,Yes,TPT Strategy 2.2a,
TPT,TPT Strategy 2.3,An entity shall disclose information about any policies and conditions that it uses or plans to use in order to achieve the Strategic Ambition of its transition plan.,E1,"A brief description of any policy or condition that it uses or plans to use in order to achieve the Strategic Ambition of its transition plan; these may relate, as appropriate, to matters such as: Energy usage; Phase-out of GHG-intensive assets; Climate-related considerations in procurement/for suppliers; Climate-related considerations (e.g. thresholds, targets or restrictions) in lending or investment activities; Adapting and building resilience to the changing climate; Supplier engagement; Portfolio engagement; Land use and land management changes (e.g. deforestation); Safeguards to address potential adverse impacts on the natural environment; Human rights; Labour standards; Advancing social equity or addressing potential adverse social impacts (e.g. on communities)",Yes,TPT Strategy 2.3a,
TPT,TPT Strategy 2.3,An entity shall disclose information about any policies and conditions that it uses or plans to use in order to achieve the Strategic Ambition of its transition plan.,E2,The expected principal contributions of the policy or condition towards achieving its Strategic Ambition.,Yes,TPT Strategy 2.3a,
TPT,TPT Strategy 2.4,"An entity shall, to the extent the financial effects of its transition plan are separately identifiable, disclose information about the effects of its transition plan25 on its financial position, financial performance and cash flows over the short-, medium-, and long-term, including information about how it is resourcing or plans to resource its activities in order to achieve the Strategic Ambition of its transition plan.",E1,"Shall disclose information about how the entity is resourcing, and plans to resource, the current and planned activities set out in its transition plan",Yes,TPT Strategy 2.4a,
TPT,TPT Strategy 2.4,"An entity shall, to the extent the financial effects of its transition plan are separately identifiable, disclose information about the effects of its transition plan25 on its financial position, financial performance and cash flows over the short-, medium-, and long-term, including information about how it is resourcing or plans to resource its activities in order to achieve the Strategic Ambition of its transition plan.",E2,"Shall disclose qualitative and quantitative information about how it expects implementation of its transition plan to affect its financial position over the short-, medium-, and long-term, taking into consideration matters such as: Its investment and disposal plans (e.g. plans for capital expenditure, major acquisitions and divestments, joint ventures, business transformations, innovation, new business areas, investments into research and development for climate solutions, and asset retirements), including plans to which the entity is not contractually committed; Planned sources of funding to implement its plan",Yes,TPT Strategy 2.4a,
TPT,TPT Strategy 2.4,"An entity shall, to the extent the financial effects of its transition plan are separately identifiable, disclose information about the effects of its transition plan25 on its financial position, financial performance and cash flows over the short-, medium-, and long-term, including information about how it is resourcing or plans to resource its activities in order to achieve the Strategic Ambition of its transition plan.",E3,"Shall disclose qualitative and quantitative information about how it expects implementation of its transition plan to affect its financial performance and cash flows over the short-, medium-, and long-term (e.g.increased revenue from products and services aligned with a low-GHG emissions, climate-resilient economy, and expenses associated with climate adaptation or mitigation)",Yes,TPT Strategy 2.4a,
TPT,TPT Strategy 2.4,"An entity shall, to the extent the financial effects of its transition plan are separately identifiable, disclose information about the effects of its transition plan25 on its financial position, financial performance and cash flows over the short-, medium-, and long-term, including information about how it is resourcing or plans to resource its activities in order to achieve the Strategic Ambition of its transition plan.",E4,"Shall, in disclosing information about 2.4 b–c: Use all reasonable and supportable information that is available to the entity at the reporting date without undue cost and effort; Use an approach that is commensurate with the skills, capabilities, and resources that are available to the entity for preparing those disclosures",No,TPT Strategy 2.4a,Describes how the information is prepared rather than what is disclosed
TPT,TPT Strategy 2.4,"An entity shall, to the extent the financial effects of its transition plan are separately identifiable, disclose information about the effects of its transition plan25 on its financial position, financial performance and cash flows over the short-, medium-, and long-term, including information about how it is resourcing or plans to resource its activities in order to achieve the Strategic Ambition of its transition plan.",E5,"May, in disclosing quantitative information under 2.4 b–c: Disclose a single amount or a range; Prioritise quantitative information for current financial effects and those of short-term actions that may be more certain",No,TPT Strategy 2.4a,Optional in the TPT framework
TPT,TPT Strategy 2.4,"An entity shall, to the extent the financial effects of its transition plan are separately identifiable, disclose information about the effects of its transition plan25 on its financial position, financial performance and cash flows over the short-, medium-, and long-term, including information about how it is resourcing or plans to resource its activities in order to achieve the Strategic Ambition of its transition plan.",E6,"Need not provide quantitative information about some or all of 2.4 b–c: If it determines that: Those effects are not separately identifiable or; The level of measurement uncertainty involved in estimating those effects is so high that the resulting quantitative information would not be useful; If it does not have the skills, capabilities, or resources to provide that quantitative information",No,TPT Strategy 2.4a,Optional in the TPT framework
TPT,TPT Strategy 2.4,"An entity shall, to the extent the financial effects of its transition plan are separately identifiable, disclose information about the effects of its transition plan25 on its financial position, financial performance and cash flows over the short-, medium-, and long-term, including information about how it is resourcing or plans to resource its activities in order to achieve the Strategic Ambition of its transition plan.",E7,"Shall, if in accordance with 2.4.f it need not provide quantitative information about some or all of 2.4 b–c: Explain why it has not provided quantitative information; Explain how the implementation of its transition plan is covered within its wider financial planning and financial decision-making processes; Provide qualitative information about how considerations related to the implementation of the transition plan are integrated into the entity’s investment and disposal plans (e.g. plans for capital expenditure, major acquisitions and divestments, joint ventures, business transformations, innovation, new business areas, investment into research and development for climate solutions, and asset Disclosure Recommendations retirements), including plans to which the entity is not contractually committed.",Yes,TPT Strategy 2.4a,
TPT,TPT Strategy 3.1,An entity shall disclose information about any engagement activities with other entities in its value chain that it is undertaking or plans to undertake in order to achieve the Strategic Ambition of its transition plan.,E1,An explanation of how the entity prioritises engagement activities in order to maximise their contribution towards achieving the Strategic Ambition of the entity’s transition plan; this may reference key assumptions and external factors disclosed under 1.3 Key assumptions and external factors,Yes,TPT Strategy 3.1a,
TPT,TPT Strategy 3.1,An entity shall disclose information about any engagement activities with other entities in its value chain that it is undertaking or plans to undertake in order to achieve the Strategic Ambition of its transition plan.,E2,"A description of current and planned engagement activities; for financial services entities this may include engagement and, where relevant, other stewardship activities, with investee companies, loan clients and relevant financial market intermediaries",Yes,TPT Strategy 3.1a,
TPT,TPT Strategy 3.1,An entity shall disclose information about any engagement activities with other entities in its value chain that it is undertaking or plans to undertake in order to achieve the Strategic Ambition of its transition plan.,E3,A description of escalation processes or criteria in place to manage instances where engagement activities do not lead to the desired changes,Yes,TPT Strategy 3.1a,
TPT,TPT Strategy 3.1,An entity shall disclose information about any engagement activities with other entities in its value chain that it is undertaking or plans to undertake in order to achieve the Strategic Ambition of its transition plan.,E4,The expected principal contributions of its activities towards achieving its Strategic Ambition.,Yes,TPT Strategy 3.1a,
TPT,TPT Strategy 3.2,An entity shall disclose information about any engagement and collaborative activities with industry counterparts (and other relevant initiatives or entities) that it is undertaking or plans to undertake in order to achieve the Strategic Ambition of its transition plan.,E1,Information about memberships in trade organisations or industry bodies,Yes,TPT Strategy 3.2a,
TPT,TPT Strategy 3.2,An entity shall disclose information about any engagement and collaborative activities with industry counterparts (and other relevant initiatives or entities) that it is undertaking or plans to undertake in order to achieve the Strategic Ambition of its transition plan.,E2,An explanation of how the entity prioritises engagement and collaborative activities in order to maximise their contribution towards achieving the Strategic Ambition of the entity’s transition plan; this may reference key assumptions and external factors disclosed under 1.3 Key assumptions and external factors,Yes,TPT Strategy 3.2a,
TPT,TPT Strategy 3.2,An entity shall disclose information about any engagement and collaborative activities with industry counterparts (and other relevant initiatives or entities) that it is undertaking or plans to undertake in order to achieve the Strategic Ambition of its transition plan.,E3,"A description of current and planned engagement and collaborative activities with membership bodies, industry associations, industry counterparts (and other relevant initiatives or entities; e.g. peers and labour unions) including any commitments by the entity arising from these activities",Yes,TPT Strategy 3.2a,
TPT,TPT Strategy 3.2,An entity shall disclose information about any engagement and collaborative activities with industry counterparts (and other relevant initiatives or entities) that it is undertaking or plans to undertake in order to achieve the Strategic Ambition of its transition plan.,E4,The expected principal contributions of its activities towards achieving its Strategic Ambition,Yes,TPT Strategy 3.2a,
TPT,TPT Strategy 3.2,An entity shall disclose information about any engagement and collaborative activities with industry counterparts (and other relevant initiatives or entities) that it is undertaking or plans to undertake in order to achieve the Strategic Ambition of its transition plan.,E5,The steps it takes to monitor the activities of membership bodies or industry bodies in which it participates and minimise any actions that may conflict with its own Strategic Ambition.,Yes,TPT Strategy 3.2a,
TPT,TPT Strategy 3.3,"An entity shall disclose information about any direct and indirect engagement activities with the government, regulators, public sector organisations, communities, and civil society that it is undertaking or plans to undertake in order to achieve the Strategic Ambition of its transition plan.",E1,An explanation of how the entity prioritises engagement activities in order to maximise their contribution towards achieving the Strategic Ambition of the entity’s transition plan; this may reference key assumptions and external factors disclosed under 1.3 Key assumptions and external factors,Yes,TPT Strategy 3.3a,
TPT,TPT Strategy 3.3,"An entity shall disclose information about any direct and indirect engagement activities with the government, regulators, public sector organisations, communities, and civil society that it is undertaking or plans to undertake in order to achieve the Strategic Ambition of its transition plan.",E2,A description of current and planned engagement activities,Yes,TPT Strategy 3.3a,
TPT,TPT Strategy 3.3,"An entity shall disclose information about any direct and indirect engagement activities with the government, regulators, public sector organisations, communities, and civil society that it is undertaking or plans to undertake in order to achieve the Strategic Ambition of its transition plan.",E3,The expected principal contributions of its activities towards achieving its Strategic Ambition,Yes,TPT Strategy 3.3a,
TPT,TPT Metrics and Targets 4.1,"An entity shall disclose information about the governance, engagement, business and operational metrics and targets that it uses in order to drive and monitor progress towards the Strategic Ambition of its transition plan, and report against these metrics and targets on at least an annual basis.",E1,"Disclose any targets it has set, and any targets it is required to meet by law or regulation",Yes,TPT Metrics and Targets 4.1a,
TPT,TPT Metrics and Targets 4.1,"An entity shall disclose information about the governance, engagement, business and operational metrics and targets that it uses in order to drive and monitor progress towards the Strategic Ambition of its transition plan, and report against these metrics and targets on at least an annual basis.",E2,"Disclose information about how the targets disclosed under 4.1.a reflect the Strategic Ambition of its transition plan, and how they relate to the actions outlined under 2. Implementation Strategy and 3. Engagement Strategy",Yes,TPT Metrics and Targets 4.1a,
TPT,TPT Metrics and Targets 4.1,"An entity shall disclose information about the governance, engagement, business and operational metrics and targets that it uses in order to drive and monitor progress towards the Strategic Ambition of its transition plan, and report against these metrics and targets on at least an annual basis.",E3,"For each target disclosed under 4.1.a, disclose: The metric used to set the target; The objective of the target; The part of the entity or its activities to which this target applies; The period over which the target applies; The base period and value from which progress is measured; Any milestones or interim targets; If the target is quantitative, whether it is an absolute or an intensity target; How the latest international agreement on climate change, including any jurisdictional commitmentsthat arise from that agreement, has informed the target; Whether and how the target aligns with any pathways disclosed under 1.1.c including, where possible,the expected trajectory of how this target will be achieved; Any underlying taxonomy, tools, methodologies, or definitions on which this metric relies",Yes,TPT Metrics and Targets 4.1a,
TPT,TPT Metrics and Targets 4.1,"An entity shall disclose information about the governance, engagement, business and operational metrics and targets that it uses in order to drive and monitor progress towards the Strategic Ambition of its transition plan, and report against these metrics and targets on at least an annual basis.",E4,"Disclose information about its approach to setting and reviewing each target disclosed under 4.1.a, and how it monitors progress against each target, including: Whether the target and the methodology for setting the target have been validated by a third party; The entity’s processes for reviewing the target; The metrics used to monitor progress towards meeting the target",Yes,TPT Metrics and Targets 4.1a,
TPT,TPT Metrics and Targets 4.1,"An entity shall disclose information about the governance, engagement, business and operational metrics and targets that it uses in order to drive and monitor progress towards the Strategic Ambition of its transition plan, and report against these metrics and targets on at least an annual basis.",E5,Report against metrics used to assess progress towards the targets disclosed under 4.1.a at least on an annual basis; this shall include: Information about its performance against each target; An analysis of trends or changes in the entity’s performance; Whether and to what extent (if known) measurements rely on estimated data; Any revisions to the target and explanation for those revisions.,Yes,TPT Metrics and Targets 4.1a,
TPT,TPT Metrics and Targets 4.2,"An entity shall disclose information about any financial metrics and targets, relevant to its business, sector, and strategy, that it uses in order to drive and monitor progress towards the Strategic Ambition of its transitionplan, and report against these metrics and targets on at least an annual basis.",E1,"Shall disclose any targets it has set, and any targets it is required to meet by law or regulation; for financial services, this may include targets related to its investment and lending activities",Yes,TPT Metrics and Targets 4.2a,
TPT,TPT Metrics and Targets 4.2,"An entity shall disclose information about any financial metrics and targets, relevant to its business, sector, and strategy, that it uses in order to drive and monitor progress towards the Strategic Ambition of its transitionplan, and report against these metrics and targets on at least an annual basis.",E2,"Shall disclose information about how the targets disclosed under 4.2.a reflect the Strategic Ambition of its transition plan, and how they relate to the actions outlined under 2. Implementation Strategy and 3. Engagement Strategy",Yes,TPT Metrics and Targets 4.2a,
TPT,TPT Metrics and Targets 4.2,"An entity shall disclose information about any financial metrics and targets, relevant to its business, sector, and strategy, that it uses in order to drive and monitor progress towards the Strategic Ambition of its transitionplan, and report against these metrics and targets on at least an annual basis.",E3,"Shall for each target disclosed under 4.2.a, disclose: The metric used to set the target; The objective of the target; The part of the entity or its activities to which this target applies; The period over which the target applies; The base period and value from which progress is measured; Any milestones or interim targets; If the target is quantitative, whether it is an absolute or an intensity target; How the latest international agreement on climate change, including any jurisdictional commitments that arise from that agreement, has informed the target; Whether and how the target aligns with any other pathways disclosed under 1.1.c including, where possible, the expected trajectory of how this target will be achieved; Any underlying taxonomy, tools, methodologies, or definitions on which this metric relies",Yes,TPT Metrics and Targets 4.2a,
TPT,TPT Metrics and Targets 4.2,"An entity shall disclose information about any financial metrics and targets, relevant to its business, sector, and strategy, that it uses in order to drive and monitor progress towards the Strategic Ambition of its transitionplan, and report against these metrics and targets on at least an annual basis.",E4,"Shall disclose information about its approach to setting and reviewing each target disclosed under 4.2.a, and how it monitors progress against each target, including: Whether the target and the methodology for setting the target has been validated by a third party; The entity’s processes for reviewing the target; The metrics used to monitor progress towards meeting the target",Yes,TPT Metrics and Targets 4.2a,
TPT,TPT Metrics and Targets 4.2,"An entity shall disclose information about any financial metrics and targets, relevant to its business, sector, and strategy, that it uses in order to drive and monitor progress towards the Strategic Ambition of its transitionplan, and report against these metrics and targets on at least an annual basis.",E5,Shall report against metrics used to assess progress towards the targets disclosed under 4.2.a at least on an annual basis; this shall include: Information about its performance against each target; An analysis of trends or changes in the entity’s performance; Whether and to what extent (if known) measurements rely on estimated data; Any revisions to the target and explanation for those revisions,Yes,TPT Metrics and Targets 4.2a,
TPT,TPT Metrics and Targets 4.2,"An entity shall disclose information about any financial metrics and targets, relevant to its business, sector, and strategy, that it uses in order to drive and monitor progress towards the Strategic Ambition of its transitionplan, and report against these metrics and targets on at least an annual basis.",E6,"Shall disclose an explanation of whether and how the entity is applying a carbon price in decisionmaking (for example, investment decisions), and the price for each metric tonne of greenhouse gas emissions that the entity uses to assess the cost of its emissions",Yes,TPT Metrics and Targets 4.2a,
TPT,TPT Metrics and Targets 4.2,"An entity shall disclose information about any financial metrics and targets, relevant to its business, sector, and strategy, that it uses in order to drive and monitor progress towards the Strategic Ambition of its transitionplan, and report against these metrics and targets on at least an annual basis.",E7,May disclose a single amount or a range in providing quantitative information under 4.2.a–f.,No,TPT Metrics and Targets 4.2a,Optional in the TPT framework
TPT,TPT Metrics and Targets 4.3,"An entity shall disclose information about the GHG emissions and removals metrics and targets that it uses in order to drive and monitor progress towards the Strategic Ambition of its transition plan, and report against these metrics and targets on at least an annual basis.",E1,Shall disclose information about any targets for reducing absolute gross GHG emissions for Scopes 1 and 2 that it has set,Yes,TPT Metrics and Targets 4.3a,
TPT,TPT Metrics and Targets 4.3,"An entity shall disclose information about the GHG emissions and removals metrics and targets that it uses in order to drive and monitor progress towards the Strategic Ambition of its transition plan, and report against these metrics and targets on at least an annual basis.",E2,Shall disclose information about any targets for reducing absolute gross GHG emissions for Scope 3 that it has set,Yes,TPT Metrics and Targets 4.3a,
TPT,TPT Metrics and Targets 4.3,"An entity shall disclose information about the GHG emissions and removals metrics and targets that it uses in order to drive and monitor progress towards the Strategic Ambition of its transition plan, and report against these metrics and targets on at least an annual basis.",E3,Shall disclose information about any additional GHG emissions targets that it has set (e.g. methane reduction targets),Yes,TPT Metrics and Targets 4.3a,
TPT,TPT Metrics and Targets 4.3,"An entity shall disclose information about the GHG emissions and removals metrics and targets that it uses in order to drive and monitor progress towards the Strategic Ambition of its transition plan, and report against these metrics and targets on at least an annual basis.",E4,"Shall disclose information about how the targets disclosed under 4.3.a–c reflect the Strategic Ambition of its transition plan, and how they relate to the actions outlined under 2. Implementation Strategy and 3. Engagement Strategy",Yes,TPT Metrics and Targets 4.3a,
TPT,TPT Metrics and Targets 4.3,"An entity shall disclose information about the GHG emissions and removals metrics and targets that it uses in order to drive and monitor progress towards the Strategic Ambition of its transition plan, and report against these metrics and targets on at least an annual basis.",E5,May disclose information about any gross GHG emissions intensity targets expressed as metric tonnes of CO2 equivalent per unit of physical or economic output for Scopes 1 and 2,No,TPT Metrics and Targets 4.3a,Optional in the TPT framework
TPT,TPT Metrics and Targets 4.3,"An entity shall disclose information about the GHG emissions and removals metrics and targets that it uses in order to drive and monitor progress towards the Strategic Ambition of its transition plan, and report against these metrics and targets on at least an annual basis.",E6,May disclose gross GHG emissions intensity targets expressed as metric tonnes of CO2 equivalent per unit of physical or economic output for Scope 3,No,TPT Metrics and Targets 4.3a,Optional in the TPT framework
TPT,TPT Metrics and Targets 4.3,"An entity shall disclose information about the GHG emissions and removals metrics and targets that it uses in order to drive and monitor progress towards the Strategic Ambition of its transition plan, and report against these metrics and targets on at least an annual basis.",E7,"May disclose any targets for increasing GHG removals from activities such as land use, land use change, bioenergy, and carbon removal technologies",No,TPT Metrics and Targets 4.3a,Optional in the TPT framework
TPT,TPT Metrics and Targets 4.3,"An entity shall disclose information about the GHG emissions and removals metrics and targets that it uses in order to drive and monitor progress towards the Strategic Ambition of its transition plan, and report against these metrics and targets on at least an annual basis.",E8,"Shall disclose the categories of Scope 3 GHG emissions included within the target disclosed under 4.3.b and, where it has excluded categories of Scope 3 GHG emissions from its targets, disclose the reason for omitting them, and any steps it is taking to improve monitoring and reporting systems.",Yes,TPT Metrics and Targets 4.3a,
TPT,TPT Metrics and Targets 4.3,"An entity shall disclose information about the GHG emissions and removals metrics and targets that it uses in order to drive and monitor progress towards the Strategic Ambition of its transition plan, and report against these metrics and targets on at least an annual basis.",E9,"Shall, for each target disclosed under 4.3.a-c, disclose: The metric used to set the target; The objective of the target; The part of the entity or its activities to which this target applies; The period over which the target applies; The base period and value from which progress is measured; Any milestones or interim targets; If the target is quantitative, whether it is an absolute or an intensity target; How the latest international agreement on climate change, including any jurisdictional commitments that arise from that agreement, has informed the target; Whether and how the target aligns with any pathways disclosed under 1.1.c including, where possible, the expected trajectory of how this target will be achieved",Yes,TPT Metrics and Targets 4.3a,
TPT,TPT Metrics and Targets 4.3,"An entity shall disclose information about the GHG emissions and removals metrics and targets that it uses in order to drive and monitor progress towards the Strategic Ambition of its transition plan, and report against these metrics and targets on at least an annual basis.",E10,"Shall disclose information about its approach to setting and reviewing each target disclosed under 4.3.a-c, and how it monitors progress against each target, including: Whether the target and the methodology for setting the target have been validated by a third party; The entity’s processes for reviewing the target; The metrics used to monitor progress towards meeting the target",Yes,TPT Metrics and Targets 4.3a,
TPT,TPT Metrics and Targets 4.3,"An entity shall disclose information about the GHG emissions and removals metrics and targets that it uses in order to drive and monitor progress towards the Strategic Ambition of its transition plan, and report against these metrics and targets on at least an annual basis.",E11,Shall report against metrics used to assess progress towards the targets disclosed under 4.3.a-c at least on an annual basis; this shall include: Information about its performance against each target; An analysis of trends or changes in the entity’s performance; Whether and to what extent (if known) measurements rely on estimated data; Any revisions to the target and explanation for those revisions,Yes,TPT Metrics and Targets 4.3a,
TPT,TPT Metrics and Targets 4.3,"An entity shall disclose information about the GHG emissions and removals metrics and targets that it uses in order to drive and monitor progress towards the Strategic Ambition of its transition plan, and report against these metrics and targets on at least an annual basis.",E12,"Shall in disclosing information on GHG emissions under 4.3.k: Disclose its absolute gross GHG emissions generated during the reporting period, expressed as metric tonnes of CO2 equivalent, classified as Scope 1, 2 and 3 GHG emissions; Measure its GHG emissions in accordance with the Greenhouse Gas Protocol: A corporate Accounting and Reporting Standard (2004) unless required by a jurisdictional authority or an exchange on which the entity is listed to use a different method for measuring its GHG emissions; Disclose the approach it uses to measure its GHG emissions under 4.3.l.i, including: 1. the measurement approach, inputs, and assumptions the entity uses to measure its GHG emissions; 2. the reason why the entity has chosen the measurement approach, inputs, and assumptions it uses to measure its GHG emissions; and 3. any changes the entity made to the measurement approach, inputs, and assumptions during the reporting period and the reasons for those changes; For Scope 1 and Scope 2 GHG emissions disclosed under 4.3.l.i, disaggregate emissions between 1. the consolidated accounting group (e.g. parent and its consolidated subsidiaries) and 2. other entities excluded from the consolidated accounting group (e.g. associates, joint ventures and unconsolidated subsidiaries); For Scope 2 GHG emissions disclosed under 4.3.l.i, disclose its location-based Scope 2 GHG emissions and provide information about any contractual instruments that is necessary to inform users’ understanding of the entity’s Scope 2 GHG emissions; For Scope 3 GHG emissions disclosed under 4.3.l.i, disclose 1. the categories included within the entity’s measure of Scope 3 GHG emissions, in accordance with the Scope 3 categories described in the Greenhouse Gas Protocol Corporate Value Chain (Scope 3) Accounting and Reporting Standard (2011) and, where it has excluded categories of Scope 3 GHG emissions, disclose the reason for omitting them, and any steps it is taking to improve monitoring and reporting systems to enable reporting; 2. additional information about the entity’s Category 15 GHG emissions or those associated with its investments (financed emissions) if the entity’s activities include asset management, commercial banking, or insurance",Yes,TPT Metrics and Targets 4.3a,
TPT,TPT Metrics and Targets 4.3,"An entity shall disclose information about the GHG emissions and removals metrics and targets that it uses in order to drive and monitor progress towards the Strategic Ambition of its transition plan, and report against these metrics and targets on at least an annual basis.",E13,"May, where relevant, further disclose information about GHG removals from activities such as land use, land use change, bioenergy, and carbon removal technologies: Be separately identifiable from information about GHG emissions disclosed under 4.3.l.i and information about carbon credits disclosed under 4.4; Include information about which third-party scheme(s) has or will verify or certify the removals; Include information about which standard the removals have been or will be certified against; Disclose the extent to which the entity identifies and manages the impacts and dependencies of removals on its stakeholders, society, the economy, and the natural environment throughout its value chain, that may give rise to sustainability-related risks and opportunities (for example, this may include an assessment and mitigation of social risks of removals usage (e.g. through human rights impact assessments)).",No,TPT Metrics and Targets 4.3a,Optional in the TPT framework
TPT,TPT Metrics and Targets 4.4,"An entity shall disclose information about how it uses or plans to use carbon credits to achieve the Strategic Ambition of its transition plan, and report on the use of carbon credits on at least an annual basis.",E1,"Disclose an explanation of why the entity is employing carbon credits and the extent to which, and how, the entity relies on the use of carbon credits to achieve the Strategic Ambition of its transition plan",Yes,TPT Metrics and Targets 4.4a,
TPT,TPT Metrics and Targets 4.4,"An entity shall disclose information about how it uses or plans to use carbon credits to achieve the Strategic Ambition of its transition plan, and report on the use of carbon credits on at least an annual basis.",E2,"Disclose the number of credits sold, purchased and retired",Yes,TPT Metrics and Targets 4.4a,
TPT,TPT Metrics and Targets 4.4,"An entity shall disclose information about how it uses or plans to use carbon credits to achieve the Strategic Ambition of its transition plan, and report on the use of carbon credits on at least an annual basis.",E3,Disclose which third-party scheme(s) has or will verify or certify the carbon credits,Yes,TPT Metrics and Targets 4.4a,
TPT,TPT Metrics and Targets 4.4,"An entity shall disclose information about how it uses or plans to use carbon credits to achieve the Strategic Ambition of its transition plan, and report on the use of carbon credits on at least an annual basis.",E4,Disclose information about which standard or methodology the carbon credits have been or will be certified against,Yes,TPT Metrics and Targets 4.4a,
TPT,TPT Metrics and Targets 4.4,"An entity shall disclose information about how it uses or plans to use carbon credits to achieve the Strategic Ambition of its transition plan, and report on the use of carbon credits on at least an annual basis.",E5,"Disclose the type of carbon credit, including whether the underlying offset will be nature-based or based on technological carbon removals, and whether the underlying offset is achieved through carbon reduction or removal",Yes,TPT Metrics and Targets 4.4a,
TPT,TPT Metrics and Targets 4.4,"An entity shall disclose information about how it uses or plans to use carbon credits to achieve the Strategic Ambition of its transition plan, and report on the use of carbon credits on at least an annual basis.",E6,"Disclose whether and how the entity identifies and manages the impacts and dependencies of carbon credits on its stakeholders, society, the economy, and the natural environment throughout its value chain, that may give rise to sustainability-related risks and opportunities (for example, this may include an assessment and mitigation of social risks of carbon credits usage (e.g. through human rights impact assessments))",Yes,TPT Metrics and Targets 4.4a,
TPT,TPT Metrics and Targets 4.4,"An entity shall disclose information about how it uses or plans to use carbon credits to achieve the Strategic Ambition of its transition plan, and report on the use of carbon credits on at least an annual basis.",E7,Disclose any other factors necessary for users of general purpose financial reports to understand the credibility and integrity of the carbon credit the entity is using or plans to use,Yes,TPT Metrics and Targets 4.4a,
TPT,TPT Metrics and Targets 4.4,"An entity shall disclose information about how it uses or plans to use carbon credits to achieve the Strategic Ambition of its transition plan, and report on the use of carbon credits on at least an annual basis.",E8,Report on the use of carbon credits at least on an annual basis.,Yes,TPT Metrics and Targets 4.4a,
TPT,TPT Governance 5.1,"An entity shall disclose information about the governance body(s) (which can include a board, committee, or equivalent body charged with governance) or individual(s) responsible for oversight of the transition plan.",E1,"Its arrangements for review and approval of the transition plan and its Strategic Ambition, including oversight of any changes, updates, and reporting",Yes,TPT Governance 5.1a,
TPT,TPT Governance 5.1,"An entity shall disclose information about the governance body(s) (which can include a board, committee, or equivalent body charged with governance) or individual(s) responsible for oversight of the transition plan.",E2,"How responsibilities for the transition plan are reflected in the terms of reference, mandates, role descriptions, and other related policies applicable to that body(s) or individual(s)",Yes,TPT Governance 5.1a,
TPT,TPT Governance 5.1,"An entity shall disclose information about the governance body(s) (which can include a board, committee, or equivalent body charged with governance) or individual(s) responsible for oversight of the transition plan.",E3,How the body(s) or individual(s) determines whether appropriate skills and competencies are available or will be developed to oversee the transition plan,Yes,TPT Governance 5.1a,
TPT,TPT Governance 5.1,"An entity shall disclose information about the governance body(s) (which can include a board, committee, or equivalent body charged with governance) or individual(s) responsible for oversight of the transition plan.",E4,How and how often the body(s) or individual(s) is informed about the transition plan,Yes,TPT Governance 5.1a,
TPT,TPT Governance 5.1,"An entity shall disclose information about the governance body(s) (which can include a board, committee, or equivalent body charged with governance) or individual(s) responsible for oversight of the transition plan.",E5,"How the body(s) or individual(s) takes into account the transition plan when overseeing the entity’s strategy, its decisions on major transactions and its risk management processes and related policies, including whether the body(s) or individual(s) has considered trade-offs associated with the transition plan",Yes,TPT Governance 5.1a,
TPT,TPT Governance 5.1,"An entity shall disclose information about the governance body(s) (which can include a board, committee, or equivalent body charged with governance) or individual(s) responsible for oversight of the transition plan.",E6,"How the body(s) or individual(s) oversees the setting of targets in the transition plan, and monitors progress towards these targets and the wider strategic ambition of the transition plan.",Yes,TPT Governance 5.1a,
TPT,TPT Governance 5.2,"An entity shall disclose information about management’s role in the governance processes, controls, and procedures used to monitor, manage, and oversee the transition plan, as well as how it is embedded within the entity’s wider control, review, and accountability mechanisms.",E1,The identity of the management body(s) or individual(s) responsible for executive oversight and delivery of the transition plan,Yes,TPT Governance 5.2a,
TPT,TPT Governance 5.2,"An entity shall disclose information about management’s role in the governance processes, controls, and procedures used to monitor, manage, and oversee the transition plan, as well as how it is embedded within the entity’s wider control, review, and accountability mechanisms.",E2,"The role of the body(s) or individual(s) in 5.2.a. in defining the Strategic Ambition of the transition plan, the setting of targets, and the monitoring of progress",Yes,TPT Governance 5.2a,
TPT,TPT Governance 5.2,"An entity shall disclose information about management’s role in the governance processes, controls, and procedures used to monitor, manage, and oversee the transition plan, as well as how it is embedded within the entity’s wider control, review, and accountability mechanisms.",E3,How oversight is exercised over that body(s) or individual(s),Yes,TPT Governance 5.2a,
TPT,TPT Governance 5.2,"An entity shall disclose information about management’s role in the governance processes, controls, and procedures used to monitor, manage, and oversee the transition plan, as well as how it is embedded within the entity’s wider control, review, and accountability mechanisms.",E4,"Whether the body(s) or individual(s) in 5.2.a. uses controls and procedures to support the oversight of the transition plan and ensure the reliability of information disclosed; if so, an entity shall disclose how these controls and procedures are integrated with other internal functions and information about which aspects of the transition plan are subject to external assurance or verification, including the nature of the assurance or verification",Yes,TPT Governance 5.2a,
TPT,TPT Governance 5.2,"An entity shall disclose information about management’s role in the governance processes, controls, and procedures used to monitor, manage, and oversee the transition plan, as well as how it is embedded within the entity’s wider control, review, and accountability mechanisms.",E5,"Whether the transition plan is subject to shareholder approval, including through a shareholder vote.",Yes,TPT Governance 5.2a,
TPT,TPT Governance 5.3,An entity shall disclose information about how it aligns or plans to align its culture with the Strategic Ambition of its transition plan.,E1,Company values and purpose statements,No,TPT Governance 5.3a,The TPT framework lists these as optional examples
TPT,TPT Governance 5.3,An entity shall disclose information about how it aligns or plans to align its culture with the Strategic Ambition of its transition plan.,E2,"Communications, systems, processes",No,TPT Governance 5.3a,The TPT framework lists these as optional examples
TPT,TPT Governance 5.3,An entity shall disclose information about how it aligns or plans to align its culture with the Strategic Ambition of its transition plan.,E3,"HR policies and procedures (including escalation processes, compensation, and benefits); see 5.4 Incentives and remuneration for disclosure recommendations on incentives and remuneration",No,TPT Governance 5.3a,The TPT framework lists these as optional examples
TPT,TPT Governance 5.3,An entity shall disclose information about how it aligns or plans to align its culture with the Strategic Ambition of its transition plan.,E4,The employee value proposition,No,TPT Governance 5.3a,The TPT framework lists these as optional examples
TPT,TPT Governance 5.3,An entity shall disclose information about how it aligns or plans to align its culture with the Strategic Ambition of its transition plan.,E5,Leadership and manager training programmes,No,TPT Governance 5.3a,The TPT framework lists these as optional examples
TPT,TPT Governance 5.3,An entity shall disclose information about how it aligns or plans to align its culture with the Strategic Ambition of its transition plan.,E6,Workforce engagement strategies.,No,TPT Governance 5.3a,The TPT framework lists these as optional examples
TPT,TPT Governance 5.4,An entity shall disclose information about how it aligns or plans to align its incentive and remuneration structures with the Strategic Ambition of its transition plan.,E1,A description of whether and how its executive incentive and remuneration structures are aligned with the Strategic Ambition of its transition plan; this may include information about: The metric(s) used; Whether the metric(s) is within the short-term and/or long-term incentive plan(s); The typical percentage weighting of the transition plan-related metric(s) within the incentive plan for the executive population; The percentage of total executive remuneration that is linked to transition plan-related metric(s),Yes,TPT Governance 5.4a,
TPT,TPT Governance 5.4,An entity shall disclose information about how it aligns or plans to align its incentive and remuneration structures with the Strategic Ambition of its transition plan.,E2,"A description of whether and how incentive and remuneration structures for employees across the organisation are aligned with the Strategic Ambition of its transition plan, including whether it has applied a consistent approach with that in 5.4.a or whether it has taken a differentiated approach for specific teams or roles.",Yes,TPT Governance 5.4a,
TPT,TPT Governance 5.5,"An entity shall disclose information about actions it is taking or plans to take to assess, maintain, and build the appropriate skills, competencies, and knowledge across the organisation in order to achieve the Strategic Ambition of its transition plan.",E1,"Information about how the entity assesses whether it has the appropriate skills, competencies, and knowledge across the organisation to effectively design, develop, deliver, and govern the transition plan in accordance with its Strategic Ambition",Yes,TPT Governance 5.5a,
TPT,TPT Governance 5.5,"An entity shall disclose information about actions it is taking or plans to take to assess, maintain, and build the appropriate skills, competencies, and knowledge across the organisation in order to achieve the Strategic Ambition of its transition plan.",E2,"Where it has identified a skills gap, information about actions it is taking or plans to take to acquire or develop the required skills",Yes,TPT Governance 5.5a,
TPT,TPT Governance 5.5,"An entity shall disclose information about actions it is taking or plans to take to assess, maintain, and build the appropriate skills, competencies, and knowledge across the organisation in order to achieve the Strategic Ambition of its transition plan.",E3,"Information about actions it is taking or plans to take to provide the Board and executive management with access to the appropriate skills, competencies and knowledge required to effectively oversee the transition plan.",Yes,TPT Governance 5.5a,
ESRS E1,ESRS E1 Strategy 14-17,"(14) The undertaking shall disclose its transition plan for climate change mitigation. The information required by paragraph 14 shall include: (16a) by reference to GHG emission reduction targets (as required by Disclosure Requirement E1-4), an explanation of how the undertaking’s targets are compatible with the limiting of global warming to 1.5°C in line with the Paris Agreement; (16b) by reference to GHG emission reduction targets (as required by Disclosure Requirement E1-4) and the climate change mitigation actions (as required by Disclosure Requirement E1-3), an explanation of the decarbonisation levers identified, and key actions planned, including changes in the undertaking’s product and service portfolio and the adoption of new technologies in its own operations, or the upstream and/or downstream value chain; (16c) by reference to the climate change mitigation actions (as required by Disclosure Requirement E1-3), an explanation and quantification of the undertaking’s investments and funding supporting the implementation of its transition plan, with a reference to the key performance indicators of taxonomy-aligned CapEx, and where relevant the CapEx plans, that the undertaking discloses in accordance with Commission Delegated Regulation (EU) 2021/2178; (16d) a qualitative assessment of the potential locked-in GHG emissions from the undertaking’s key assets and products. This shall include an explanation of if and how these emissions may jeopardise the achievement of the undertaking’s GHG emission reduction targets and drive transition risk, and if applicable, an explanation of the undertaking’s plans to manage its GHG-intensive and energy intensive assets and products; (16e) for undertakings with economic activities that are covered by delegated regulations on climate adaptation or mitigation under the Taxonomy Regulation, an explanation of any objective or plans (CapEX, CapEx plans, OpEX) that the undertaking has for aligning its economic activities (revenues, CapEx, OpEx) with the criteria established in Commission Delegated Regulation 2021/2139; (16f) if applicable, a disclosure of significant CapEx amounts invested during the reporting period related to coal, oil and gas-related economic activities; (16h) a disclosure on whether or not the undertaking is excluded from the EU Paris-aligned Benchmarks (16i) an explanation of how the transition plan is embedded in and aligned with the undertaking’s overall business strategy and financial planning; (16j) whether the transition plan is approved by the administrative, management and supervisory bodies; and (16k) an explanation of the undertaking’s progress in implementing the transition plan. In case the undertaking does not have a transition plan in place, it shall indicate whether and, if so, when it will adopt a transition plan.",E1,"By reference to GHG emission reduction targets (as required by Disclosure Requirement E1-4), an explanation of how the undertaking’s targets are compatible with the limiting of global warming to 1.5°C in line with the Paris Agreement",Yes,Requirement text,
ESRS E1,ESRS E1 Strategy 14-17,"(14) The undertaking shall disclose its transition plan for climate change mitigation. The information required by paragraph 14 shall include: (16a) by reference to GHG emission reduction targets (as required by Disclosure Requirement E1-4), an explanation of how the undertaking’s targets are compatible with the limiting of global warming to 1.5°C in line with the Paris Agreement; (16b) by reference to GHG emission reduction targets (as required by Disclosure Requirement E1-4) and the climate change mitigation actions (as required by Disclosure Requirement E1-3), an explanation of the decarbonisation levers identified, and key actions planned, including changes in the undertaking’s product and service portfolio and the adoption of new technologies in its own operations, or the upstream and/or downstream value chain; (16c) by reference to the climate change mitigation actions (as required by Disclosure Requirement E1-3), an explanation and quantification of the undertaking’s investments and funding supporting the implementation of its transition plan, with a reference to the key performance indicators of taxonomy-aligned CapEx, and where relevant the CapEx plans, that the undertaking discloses in accordance with Commission Delegated Regulation (EU) 2021/2178; (16d) a qualitative assessment of the potential locked-in GHG emissions from the undertaking’s key assets and products. This shall include an explanation of if and how these emissions may jeopardise the achievement of the undertaking’s GHG emission reduction targets and drive transition risk, and if applicable, an explanation of the undertaking’s plans to manage its GHG-intensive and energy intensive assets and products; (16e) for undertakings with economic activities that are covered by delegated regulations on climate adaptation or mitigation under the Taxonomy Regulation, an explanation of any objective or plans (CapEX, CapEx plans, OpEX) that the undertaking has for aligning its economic activities (revenues, CapEx, OpEx) with the criteria established in Commission Delegated Regulation 2021/2139; (16f) if applicable, a disclosure of significant CapEx amounts invested during the reporting period related to coal, oil and gas-related economic activities; (16h) a disclosure on whether or not the undertaking is excluded from the EU Paris-aligned Benchmarks (16i) an explanation of how the transition plan is embedded in and aligned with the undertaking’s overall business strategy and financial planning; (16j) whether the transition plan is approved by the administrative, management and supervisory bodies; and (16k) an explanation of the undertaking’s progress in implementing the transition plan. In case the undertaking does not have a transition plan in place, it shall indicate whether and, if so, when it will adopt a transition plan.",E2,"By reference to GHG emission reduction targets (as required by Disclosure Requirement E1-4) and the climate change mitigation actions (as required by Disclosure Requirement E1-3), an explanation of the decarbonisation levers identified, and key actions planned, including changes in the undertaking’s product and service portfolio and the adoption of new technologies in its own operations, or the upstream and/or downstream value chain",Yes,Requirement text,
ESRS E1,ESRS E1 Strategy 14-17,"(14) The undertaking shall disclose its transition plan for climate change mitigation. The information required by paragraph 14 shall include: (16a) by reference to GHG emission reduction targets (as required by Disclosure Requirement E1-4), an explanation of how the undertaking’s targets are compatible with the limiting of global warming to 1.5°C in line with the Paris Agreement; (16b) by reference to GHG emission reduction targets (as required by Disclosure Requirement E1-4) and the climate change mitigation actions (as required by Disclosure Requirement E1-3), an explanation of the decarbonisation levers identified, and key actions planned, including changes in the undertaking’s product and service portfolio and the adoption of new technologies in its own operations, or the upstream and/or downstream value chain; (16c) by reference to the climate change mitigation actions (as required by Disclosure Requirement E1-3), an explanation and quantification of the undertaking’s investments and funding supporting the implementation of its transition plan, with a reference to the key performance indicators of taxonomy-aligned CapEx, and where relevant the CapEx plans, that the undertaking discloses in accordance with Commission Delegated Regulation (EU) 2021/2178; (16d) a qualitative assessment of the potential locked-in GHG emissions from the undertaking’s key assets and products. This shall include an explanation of if and how these emissions may jeopardise the achievement of the undertaking’s GHG emission reduction targets and drive transition risk, and if applicable, an explanation of the undertaking’s plans to manage its GHG-intensive and energy intensive assets and products; (16e) for undertakings with economic activities that are covered by delegated regulations on climate adaptation or mitigation under the Taxonomy Regulation, an explanation of any objective or plans (CapEX, CapEx plans, OpEX) that the undertaking has for aligning its economic activities (revenues, CapEx, OpEx) with the criteria established in Commission Delegated Regulation 2021/2139; (16f) if applicable, a disclosure of significant CapEx amounts invested during the reporting period related to coal, oil and gas-related economic activities; (16h) a disclosure on whether or not the undertaking is excluded from the EU Paris-aligned Benchmarks (16i) an explanation of how the transition plan is embedded in and aligned with the undertaking’s overall business strategy and financial planning; (16j) whether the transition plan is approved by the administrative, management and supervisory bodies; and (16k) an explanation of the undertaking’s progress in implementing the transition plan. In case the undertaking does not have a transition plan in place, it shall indicate whether and, if so, when it will adopt a transition plan.",E3,"By reference to the climate change mitigation actions (as required by Disclosure Requirement E1-3), an explanation and quantification of the undertaking’s investments and funding supporting the implementation of its transition plan, with a reference to the key performance indicators of taxonomy-aligned CapEx, and where relevant the CapEx plans, that the undertaking discloses in accordance with Commission Delegated Regulation (EU) 2021/2178",Yes,Requirement text,
ESRS E1,ESRS E1 Strategy 14-17,"(14) The undertaking shall disclose its transition plan for climate change mitigation. The information required by paragraph 14 shall include: (16a) by reference to GHG emission reduction targets (as required by Disclosure Requirement E1-4), an explanation of how the undertaking’s targets are compatible with the limiting of global warming to 1.5°C in line with the Paris Agreement; (16b) by reference to GHG emission reduction targets (as required by Disclosure Requirement E1-4) and the climate change mitigation actions (as required by Disclosure Requirement E1-3), an explanation of the decarbonisation levers identified, and key actions planned, including changes in the undertaking’s product and service portfolio and the adoption of new technologies in its own operations, or the upstream and/or downstream value chain; (16c) by reference to the climate change mitigation actions (as required by Disclosure Requirement E1-3), an explanation and quantification of the undertaking’s investments and funding supporting the implementation of its transition plan, with a reference to the key performance indicators of taxonomy-aligned CapEx, and where relevant the CapEx plans, that the undertaking discloses in accordance with Commission Delegated Regulation (EU) 2021/2178; (16d) a qualitative assessment of the potential locked-in GHG emissions from the undertaking’s key assets and products. This shall include an explanation of if and how these emissions may jeopardise the achievement of the undertaking’s GHG emission reduction targets and drive transition risk, and if applicable, an explanation of the undertaking’s plans to manage its GHG-intensive and energy intensive assets and products; (16e) for undertakings with economic activities that are covered by delegated regulations on climate adaptation or mitigation under the Taxonomy Regulation, an explanation of any objective or plans (CapEX, CapEx plans, OpEX) that the undertaking has for aligning its economic activities (revenues, CapEx, OpEx) with the criteria established in Commission Delegated Regulation 2021/2139; (16f) if applicable, a disclosure of significant CapEx amounts invested during the reporting period related to coal, oil and gas-related economic activities; (16h) a disclosure on whether or not the undertaking is excluded from the EU Paris-aligned Benchmarks (16i) an explanation of how the transition plan is embedded in and aligned with the undertaking’s overall business strategy and financial planning; (16j) whether the transition plan is approved by the administrative, management and supervisory bodies; and (16k) an explanation of the undertaking’s progress in implementing the transition plan. In case the undertaking does not have a transition plan in place, it shall indicate whether and, if so, when it will adopt a transition plan.",E4,"A qualitative assessment of the potential locked-in GHG emissions from the undertaking’s key assets and products. This shall include an explanation of if and how these emissions may jeopardise the achievement of the undertaking’s GHG emission reduction targets and drive transition risk, and if applicable, an explanation of the undertaking’s plans to manage its GHG-intensive and energy intensive assets and products",Yes,Requirement text,
ESRS E1,ESRS E1 Strategy 14-17,"(14) The undertaking shall disclose its transition plan for climate change mitigation. The information required by paragraph 14 shall include: (16a) by reference to GHG emission reduction targets (as required by Disclosure Requirement E1-4), an explanation of how the undertaking’s targets are compatible with the limiting of global warming to 1.5°C in line with the Paris Agreement; (16b) by reference to GHG emission reduction targets (as required by Disclosure Requirement E1-4) and the climate change mitigation actions (as required by Disclosure Requirement E1-3), an explanation of the decarbonisation levers identified, and key actions planned, including changes in the undertaking’s product and service portfolio and the adoption of new technologies in its own operations, or the upstream and/or downstream value chain; (16c) by reference to the climate change mitigation actions (as required by Disclosure Requirement E1-3), an explanation and quantification of the undertaking’s investments and funding supporting the implementation of its transition plan, with a reference to the key performance indicators of taxonomy-aligned CapEx, and where relevant the CapEx plans, that the undertaking discloses in accordance with Commission Delegated Regulation (EU) 2021/2178; (16d) a qualitative assessment of the potential locked-in GHG emissions from the undertaking’s key assets and products. This shall include an explanation of if and how these emissions may jeopardise the achievement of the undertaking’s GHG emission reduction targets and drive transition risk, and if applicable, an explanation of the undertaking’s plans to manage its GHG-intensive and energy intensive assets and products; (16e) for undertakings with economic activities that are covered by delegated regulations on climate adaptation or mitigation under the Taxonomy Regulation, an explanation of any objective or plans (CapEX, CapEx plans, OpEX) that the undertaking has for aligning its economic activities (revenues, CapEx, OpEx) with the criteria established in Commission Delegated Regulation 2021/2139; (16f) if applicable, a disclosure of significant CapEx amounts invested during the reporting period related to coal, oil and gas-related economic activities; (16h) a disclosure on whether or not the undertaking is excluded from the EU Paris-aligned Benchmarks (16i) an explanation of how the transition plan is embedded in and aligned with the undertaking’s overall business strategy and financial planning; (16j) whether the transition plan is approved by the administrative, management and supervisory bodies; and (16k) an explanation of the undertaking’s progress in implementing the transition plan. In case the undertaking does not have a transition plan in place, it shall indicate whether and, if so, when it will adopt a transition plan.",E5,"For undertakings with economic activities that are covered by delegated regulations on climate adaptation or mitigation under the Taxonomy Regulation, an explanation of any objective or plans (CapEX, CapEx plans, OpEX) that the undertaking has for aligning its economic activities (revenues, CapEx, OpEx) with the criteria established in Commission Delegated Regulation 2021/2139",Yes,Requirement text,
ESRS E1,ESRS E1 Strategy 14-17,"(14) The undertaking shall disclose its transition plan for climate change mitigation. The information required by paragraph 14 shall include: (16a) by reference to GHG emission reduction targets (as required by Disclosure Requirement E1-4), an explanation of how the undertaking’s targets are compatible with the limiting of global warming to 1.5°C in line with the Paris Agreement; (16b) by reference to GHG emission reduction targets (as required by Disclosure Requirement E1-4) and the climate change mitigation actions (as required by Disclosure Requirement E1-3), an explanation of the decarbonisation levers identified, and key actions planned, including changes in the undertaking’s product and service portfolio and the adoption of new technologies in its own operations, or the upstream and/or downstream value chain; (16c) by reference to the climate change mitigation actions (as required by Disclosure Requirement E1-3), an explanation and quantification of the undertaking’s investments and funding supporting the implementation of its transition plan, with a reference to the key performance indicators of taxonomy-aligned CapEx, and where relevant the CapEx plans, that the undertaking discloses in accordance with Commission Delegated Regulation (EU) 2021/2178; (16d) a qualitative assessment of the potential locked-in GHG emissions from the undertaking’s key assets and products. This shall include an explanation of if and how these emissions may jeopardise the achievement of the undertaking’s GHG emission reduction targets and drive transition risk, and if applicable, an explanation of the undertaking’s plans to manage its GHG-intensive and energy intensive assets and products; (16e) for undertakings with economic activities that are covered by delegated regulations on climate adaptation or mitigation under the Taxonomy Regulation, an explanation of any objective or plans (CapEX, CapEx plans, OpEX) that the undertaking has for aligning its economic activities (revenues, CapEx, OpEx) with the criteria established in Commission Delegated Regulation 2021/2139; (16f) if applicable, a disclosure of significant CapEx amounts invested during the reporting period related to coal, oil and gas-related economic activities; (16h) a disclosure on whether or not the undertaking is excluded from the EU Paris-aligned Benchmarks (16i) an explanation of how the transition plan is embedded in and aligned with the undertaking’s overall business strategy and financial planning; (16j) whether the transition plan is approved by the administrative, management and supervisory bodies; and (16k) an explanation of the undertaking’s progress in implementing the transition plan. In case the undertaking does not have a transition plan in place, it shall indicate whether and, if so, when it will adopt a transition plan.",E6,"If applicable, a disclosure of significant CapEx amounts invested during the reporting period related to coal, oil and gas-related economic activities",Yes,Requirement text,
ESRS E1,ESRS E1 Strategy 14-17,"(14) The undertaking shall disclose its transition plan for climate change mitigation. The information required by paragraph 14 shall include: (16a) by reference to GHG emission reduction targets (as required by Disclosure Requirement E1-4), an explanation of how the undertaking’s targets are compatible with the limiting of global warming to 1.5°C in line with the Paris Agreement; (16b) by reference to GHG emission reduction targets (as required by Disclosure Requirement E1-4) and the climate change mitigation actions (as required by Disclosure Requirement E1-3), an explanation of the decarbonisation levers identified, and key actions planned, including changes in the undertaking’s product and service portfolio and the adoption of new technologies in its own operations, or the upstream and/or downstream value chain; (16c) by reference to the climate change mitigation actions (as required by Disclosure Requirement E1-3), an explanation and quantification of the undertaking’s investments and funding supporting the implementation of its transition plan, with a reference to the key performance indicators of taxonomy-aligned CapEx, and where relevant the CapEx plans, that the undertaking discloses in accordance with Commission Delegated Regulation (EU) 2021/2178; (16d) a qualitative assessment of the potential locked-in GHG emissions from the undertaking’s key assets and products. This shall include an explanation of if and how these emissions may jeopardise the achievement of the undertaking’s GHG emission reduction targets and drive transition risk, and if applicable, an explanation of the undertaking’s plans to manage its GHG-intensive and energy intensive assets and products; (16e) for undertakings with economic activities that are covered by delegated regulations on climate adaptation or mitigation under the Taxonomy Regulation, an explanation of any objective or plans (CapEX, CapEx plans, OpEX) that the undertaking has for aligning its economic activities (revenues, CapEx, OpEx) with the criteria established in Commission Delegated Regulation 2021/2139; (16f) if applicable, a disclosure of significant CapEx amounts invested during the reporting period related to coal, oil and gas-related economic activities; (16h) a disclosure on whether or not the undertaking is excluded from the EU Paris-aligned Benchmarks (16i) an explanation of how the transition plan is embedded in and aligned with the undertaking’s overall business strategy and financial planning; (16j) whether the transition plan is approved by the administrative, management and supervisory bodies; and (16k) an explanation of the undertaking’s progress in implementing the transition plan. In case the undertaking does not have a transition plan in place, it shall indicate whether and, if so, when it will adopt a transition plan.",E7,A disclosure on whether or not the undertaking is excluded from the EU Paris-aligned Benchmarks,Yes,Requirement text,
ESRS E1,ESRS E1 Strategy 14-17,"(14) The undertaking shall disclose its transition plan for climate change mitigation. The information required by paragraph 14 shall include: (16a) by reference to GHG emission reduction targets (as required by Disclosure Requirement E1-4), an explanation of how the undertaking’s targets are compatible with the limiting of global warming to 1.5°C in line with the Paris Agreement; (16b) by reference to GHG emission reduction targets (as required by Disclosure Requirement E1-4) and the climate change mitigation actions (as required by Disclosure Requirement E1-3), an explanation of the decarbonisation levers identified, and key actions planned, including changes in the undertaking’s product and service portfolio and the adoption of new technologies in its own operations, or the upstream and/or downstream value chain; (16c) by reference to the climate change mitigation actions (as required by Disclosure Requirement E1-3), an explanation and quantification of the undertaking’s investments and funding supporting the implementation of its transition plan, with a reference to the key performance indicators of taxonomy-aligned CapEx, and where relevant the CapEx plans, that the undertaking discloses in accordance with Commission Delegated Regulation (EU) 2021/2178; (16d) a qualitative assessment of the potential locked-in GHG emissions from the undertaking’s key assets and products. This shall include an explanation of if and how these emissions may jeopardise the achievement of the undertaking’s GHG emission reduction targets and drive transition risk, and if applicable, an explanation of the undertaking’s plans to manage its GHG-intensive and energy intensive assets and products; (16e) for undertakings with economic activities that are covered by delegated regulations on climate adaptation or mitigation under the Taxonomy Regulation, an explanation of any objective or plans (CapEX, CapEx plans, OpEX) that the undertaking has for aligning its economic activities (revenues, CapEx, OpEx) with the criteria established in Commission Delegated Regulation 2021/2139; (16f) if applicable, a disclosure of significant CapEx amounts invested during the reporting period related to coal, oil and gas-related economic activities; (16h) a disclosure on whether or not the undertaking is excluded from the EU Paris-aligned Benchmarks (16i) an explanation of how the transition plan is embedded in and aligned with the undertaking’s overall business strategy and financial planning; (16j) whether the transition plan is approved by the administrative, management and supervisory bodies; and (16k) an explanation of the undertaking’s progress in implementing the transition plan. In case the undertaking does not have a transition plan in place, it shall indicate whether and, if so, when it will adopt a transition plan.",E8,An explanation of how the transition plan is embedded in and aligned with the undertaking’s overall business strategy and financial planning,Yes,Requirement text,
ESRS E1,ESRS E1 Strategy 14-17,"(14) The undertaking shall disclose its transition plan for climate change mitigation. The information required by paragraph 14 shall include: (16a) by reference to GHG emission reduction targets (as required by Disclosure Requirement E1-4), an explanation of how the undertaking’s targets are compatible with the limiting of global warming to 1.5°C in line with the Paris Agreement; (16b) by reference to GHG emission reduction targets (as required by Disclosure Requirement E1-4) and the climate change mitigation actions (as required by Disclosure Requirement E1-3), an explanation of the decarbonisation levers identified, and key actions planned, including changes in the undertaking’s product and service portfolio and the adoption of new technologies in its own operations, or the upstream and/or downstream value chain; (16c) by reference to the climate change mitigation actions (as required by Disclosure Requirement E1-3), an explanation and quantification of the undertaking’s investments and funding supporting the implementation of its transition plan, with a reference to the key performance indicators of taxonomy-aligned CapEx, and where relevant the CapEx plans, that the undertaking discloses in accordance with Commission Delegated Regulation (EU) 2021/2178; (16d) a qualitative assessment of the potential locked-in GHG emissions from the undertaking’s key assets and products. This shall include an explanation of if and how these emissions may jeopardise the achievement of the undertaking’s GHG emission reduction targets and drive transition risk, and if applicable, an explanation of the undertaking’s plans to manage its GHG-intensive and energy intensive assets and products; (16e) for undertakings with economic activities that are covered by delegated regulations on climate adaptation or mitigation under the Taxonomy Regulation, an explanation of any objective or plans (CapEX, CapEx plans, OpEX) that the undertaking has for aligning its economic activities (revenues, CapEx, OpEx) with the criteria established in Commission Delegated Regulation 2021/2139; (16f) if applicable, a disclosure of significant CapEx amounts invested during the reporting period related to coal, oil and gas-related economic activities; (16h) a disclosure on whether or not the undertaking is excluded from the EU Paris-aligned Benchmarks (16i) an explanation of how the transition plan is embedded in and aligned with the undertaking’s overall business strategy and financial planning; (16j) whether the transition plan is approved by the administrative, management and supervisory bodies; and (16k) an explanation of the undertaking’s progress in implementing the transition plan. In case the undertaking does not have a transition plan in place, it shall indicate whether and, if so, when it will adopt a transition plan.",E9,"Whether the transition plan is approved by the administrative, management and supervisory bodies",Yes,Requirement text,
ESRS E1,ESRS E1 Strategy 14-17,"(14) The undertaking shall disclose its transition plan for climate change mitigation. The information required by paragraph 14 shall include: (16a) by reference to GHG emission reduction targets (as required by Disclosure Requirement E1-4), an explanation of how the undertaking’s targets are compatible with the limiting of global warming to 1.5°C in line with the Paris Agreement; (16b) by reference to GHG emission reduction targets (as required by Disclosure Requirement E1-4) and the climate change mitigation actions (as required by Disclosure Requirement E1-3), an explanation of the decarbonisation levers identified, and key actions planned, including changes in the undertaking’s product and service portfolio and the adoption of new technologies in its own operations, or the upstream and/or downstream value chain; (16c) by reference to the climate change mitigation actions (as required by Disclosure Requirement E1-3), an explanation and quantification of the undertaking’s investments and funding supporting the implementation of its transition plan, with a reference to the key performance indicators of taxonomy-aligned CapEx, and where relevant the CapEx plans, that the undertaking discloses in accordance with Commission Delegated Regulation (EU) 2021/2178; (16d) a qualitative assessment of the potential locked-in GHG emissions from the undertaking’s key assets and products. This shall include an explanation of if and how these emissions may jeopardise the achievement of the undertaking’s GHG emission reduction targets and drive transition risk, and if applicable, an explanation of the undertaking’s plans to manage its GHG-intensive and energy intensive assets and products; (16e) for undertakings with economic activities that are covered by delegated regulations on climate adaptation or mitigation under the Taxonomy Regulation, an explanation of any objective or plans (CapEX, CapEx plans, OpEX) that the undertaking has for aligning its economic activities (revenues, CapEx, OpEx) with the criteria established in Commission Delegated Regulation 2021/2139; (16f) if applicable, a disclosure of significant CapEx amounts invested during the reporting period related to coal, oil and gas-related economic activities; (16h) a disclosure on whether or not the undertaking is excluded from the EU Paris-aligned Benchmarks (16i) an explanation of how the transition plan is embedded in and aligned with the undertaking’s overall business strategy and financial planning; (16j) whether the transition plan is approved by the administrative, management and supervisory bodies; and (16k) an explanation of the undertaking’s progress in implementing the transition plan. In case the undertaking does not have a transition plan in place, it shall indicate whether and, if so, when it will adopt a transition plan.",E10,"An explanation of the undertaking’s progress in implementing the transition plan. In case the undertaking does not have a transition plan in place, it shall indicate whether and, if so, when it will adopt a transition plan.",Yes,Requirement text,
ESRS E1,ESRS E1 Strategy 19,"The undertaking shall describe the resilience of its strategy and business model in relation to climate change. This description shall include: (a) the scope of the resilience analysis; (b) how and when the resilience analysis has been conducted, including the use of climate scenario analysis as referenced in the Disclosure Requirement related to ESRS 2 IRO-1 and the related application requirement paragraphs; and (c) the results of the resilience analysis including the results from the use of scenario analysis",E1,The scope of the resilience analysis,Yes,Requirement text,
ESRS E1,ESRS E1 Strategy 19,"The undertaking shall describe the resilience of its strategy and business model in relation to climate change. This description shall include: (a) the scope of the resilience analysis; (b) how and when the resilience analysis has been conducted, including the use of climate scenario analysis as referenced in the Disclosure Requirement related to ESRS 2 IRO-1 and the related application requirement paragraphs; and (c) the results of the resilience analysis including the results from the use of scenario analysis",E2,"How and when the resilience analysis has been conducted, including the use of climate scenario analysis as referenced in the Disclosure Requirement related to ESRS 2 IRO-1 and the related application requirement paragraphs",Yes,Requirement text,
ESRS E1,ESRS E1 Strategy 19,"The undertaking shall describe the resilience of its strategy and business model in relation to climate change. This description shall include: (a) the scope of the resilience analysis; (b) how and when the resilience analysis has been conducted, including the use of climate scenario analysis as referenced in the Disclosure Requirement related to ESRS 2 IRO-1 and the related application requirement paragraphs; and (c) the results of the resilience analysis including the results from the use of scenario analysis",E3,The results of the resilience analysis including the results from the use of scenario analysis,Yes,Requirement text,
ESRS E1,ESRS E1 Risk Management 20,"The undertaking shall describe the process to identify and assess climate-related impacts, risks and opportunities. This description shall include its process in relation to: (a) impacts on climate change, in particular, the undertaking’s GHG emissions (as required by Disclosure Requirement ESRS E1-6); (b) climate-related physical risks in own operations and along the upstream and downstream value chain, in particular: (bi) the identification of climate-related hazards, considering at least high emission climate scenarios; and (bii) the assessment of how its assets and business activities may be exposed and are sensitive to these climate-related hazards, creating gross physical risks for the undertaking. (c) climate-related transition risks and opportunities in own operations and along the upstream and downstream value chain, in particular: (ci) the identification of climate-related transition events, considering at least a climate scenario in line with limiting global warming to 1.5°C with no or limited overshoot; and (cii) the assessment of how its assets and business activities may be exposed to these climate-related transition events, creating gross transition risks or opportunities for the undertaking.",E1,"Impacts on climate change, in particular, the undertaking’s GHG emissions (as required by Disclosure Requirement ESRS E1-6)",Yes,Requirement text,
ESRS E1,ESRS E1 Risk Management 20,"The undertaking shall describe the process to identify and assess climate-related impacts, risks and opportunities. This description shall include its process in relation to: (a) impacts on climate change, in particular, the undertaking’s GHG emissions (as required by Disclosure Requirement ESRS E1-6); (b) climate-related physical risks in own operations and along the upstream and downstream value chain, in particular: (bi) the identification of climate-related hazards, considering at least high emission climate scenarios; and (bii) the assessment of how its assets and business activities may be exposed and are sensitive to these climate-related hazards, creating gross physical risks for the undertaking. (c) climate-related transition risks and opportunities in own operations and along the upstream and downstream value chain, in particular: (ci) the identification of climate-related transition events, considering at least a climate scenario in line with limiting global warming to 1.5°C with no or limited overshoot; and (cii) the assessment of how its assets and business activities may be exposed to these climate-related transition events, creating gross transition risks or opportunities for the undertaking.",E2,"Climate-related physical risks in own operations and along the upstream and downstream value chain, in particular: The identification of climate-related hazards, considering at least high emission climate scenarios; The assessment of how its assets and business activities may be exposed and are sensitive to these climate-related hazards, creating gross physical risks for the undertaking.",Yes,Requirement text,
ESRS E1,ESRS E1 Risk Management 20,"The undertaking shall describe the process to identify and assess climate-related impacts, risks and opportunities. This description shall include its process in relation to: (a) impacts on climate change, in particular, the undertaking’s GHG emissions (as required by Disclosure Requirement ESRS E1-6); (b) climate-related physical risks in own operations and along the upstream and downstream value chain, in particular: (bi) the identification of climate-related hazards, considering at least high emission climate scenarios; and (bii) the assessment of how its assets and business activities may be exposed and are sensitive to these climate-related hazards, creating gross physical risks for the undertaking. (c) climate-related transition risks and opportunities in own operations and along the upstream and downstream value chain, in particular: (ci) the identification of climate-related transition events, considering at least a climate scenario in line with limiting global warming to 1.5°C with no or limited overshoot; and (cii) the assessment of how its assets and business activities may be exposed to these climate-related transition events, creating gross transition risks or opportunities for the undertaking.",E3,"Climate-related transition risks and opportunities in own operations and along the upstream and downstream value chain, in particular: The identification of climate-related transition events, considering at least a climate scenario in line with limiting global warming to 1.5°C with no or limited overshoot; The assessment of how its assets and business activities may be exposed to these climate-related transition events, creating gross transition risks or opportunities for the undertaking.",Yes,Requirement text,
ESRS E1,ESRS E1 Risk Management 25,The undertaking shall indicate whether and how its policies address the following areas: (a) climate change mitigation; (b) climate change adaptation; (c) energy efficiency; (d) renewable energy deployment; and (e) other,E1,The undertaking shall indicate whether and how its policies address the following areas: Climate change mitigation; Climate change adaptation; Energy efficiency; Renewable energy deployment; Other,Yes,Requirement text,
ESRS E1,ESRS E1 Risk Management 29,"In addition to ESRS 2 MDR-A, the undertaking shall: (a) when listing key actions taken in the reporting year and planned for the future, present the climate change mitigation actions by decarbonisation lever including the nature-based solutions; (b) when describing the outcome of the actions for climate change mitigation, include the achieved and expected GHG emission reductions; and (c) relate significant monetary amounts of CapEx and OpEx required to implement the actions taken or planned to: (ci) the relevant line items or notes in the financial statements; (cii) the key performance indicators required under Commission Delegated Regulation (EU) 2021/2178; and (ciii) if applicable, the CapEx plan required by Commission Delegated Regulation (EU) 2021/2178.",E1,"When listing key actions taken in the reporting year and planned for the future, present the climate change mitigation actions by decarbonisation lever including the nature-based solutions",Yes,Requirement text,
ESRS E1,ESRS E1 Risk Management 29,"In addition to ESRS 2 MDR-A, the undertaking shall: (a) when listing key actions taken in the reporting year and planned for the future, present the climate change mitigation actions by decarbonisation lever including the nature-based solutions; (b) when describing the outcome of the actions for climate change mitigation, include the achieved and expected GHG emission reductions; and (c) relate significant monetary amounts of CapEx and OpEx required to implement the actions taken or planned to: (ci) the relevant line items or notes in the financial statements; (cii) the key performance indicators required under Commission Delegated Regulation (EU) 2021/2178; and (ciii) if applicable, the CapEx plan required by Commission Delegated Regulation (EU) 2021/2178.",E2,"When describing the outcome of the actions for climate change mitigation, include the achieved and expected GHG emission reductions",Yes,Requirement text,
ESRS E1,ESRS E1 Risk Management 29,"In addition to ESRS 2 MDR-A, the undertaking shall: (a) when listing key actions taken in the reporting year and planned for the future, present the climate change mitigation actions by decarbonisation lever including the nature-based solutions; (b) when describing the outcome of the actions for climate change mitigation, include the achieved and expected GHG emission reductions; and (c) relate significant monetary amounts of CapEx and OpEx required to implement the actions taken or planned to: (ci) the relevant line items or notes in the financial statements; (cii) the key performance indicators required under Commission Delegated Regulation (EU) 2021/2178; and (ciii) if applicable, the CapEx plan required by Commission Delegated Regulation (EU) 2021/2178.",E3,"Relate significant monetary amounts of CapEx and OpEx required to implement the actions taken or planned to: The relevant line items or notes in the financial statements; The key performance indicators required under Commission Delegated Regulation (EU) 2021/2178; If applicable, the CapEx plan required by Commission Delegated Regulation (EU) 2021/2178.",Yes,Requirement text,
ESRS E1,ESRS E1 Metrics and Targets 34,"If the undertaking has set GHG emission reduction targets, ESRS 2 MDR-T and the following requirements shall apply: (a) GHG emission reduction targets shall be disclosed in absolute value (either in tonnes of CO2eq or as a percentage of the emissions of a base year) and, where relevant, in intensity value; (b) GHG emission reduction targets shall be disclosed for Scope 1, 2, and 3 GHG emissions, either separately or combined. The undertaking shall specify, in case of combined GHG emission reduction targets, which GHG emission Scopes (1, 2 and/or 3) are covered by the target, the share related to each respective GHG emission Scope and which GHGs are covered. The undertaking shall explain how the consistency of these targets with its GHG inventory boundaries is ensured (as required by Disclosure Requirement E1-6). The GHG emission reduction targets shall be gross targets, meaning that the undertaking shall not include GHG removals, carbon credits or avoided emissions as a means of achieving the GHG emission reduction targets; (c) the undertaking shall disclose its current base year and baseline value, and from 2030 onwards, update the base year for its GHG emission reduction targets after every fiveyear period thereafter. The undertaking may disclose the past progress made in meeting its targets before its current base year provided that this information is consistent with the requirements of this Standard; (d) GHG emission reduction targets shall at least include target values for the year 2030 and, if available, for the year 2050. From 2030, target values shall be set after every 5- year period thereafter; (e) the undertaking shall state whether the GHG emission reduction targets are science-based and compatible with limiting global warming to 1.5°C. The undertaking shall state which framework and methodology has been used to determine these targets including whether they are derived using a sectoral decarbonisation pathway and what the underlying climate and policy scenarios are and whether the targets have been externally assured. As part of the critical assumptions for setting GHG emission reduction targets, the undertaking shall briefly explain how it has considered future developments (e.g., changes in sales volumes, shifts in customer preferences and demand, regulatory factors, and new technologies) and how these will potentially impact both its GHG emissions and emissions reductions; and (f) the undertaking shall describe the expected decarbonisation levers and their overall quantitative contributions to achieve the GHG emission reduction targets (e.g., energy or material efficiency and consumption reduction, fuel switching, use of renewable energy, phase out or substitution of product and process).",E1,"GHG emission reduction targets shall be disclosed in absolute value (either in tonnes of CO2eq or as a percentage of the emissions of a base year) and, where relevant, in intensity value",Yes,Requirement text,
ESRS E1,ESRS E1 Metrics and Targets 34,"If the undertaking has set GHG emission reduction targets, ESRS 2 MDR-T and the following requirements shall apply: (a) GHG emission reduction targets shall be disclosed in absolute value (either in tonnes of CO2eq or as a percentage of the emissions of a base year) and, where relevant, in intensity value; (b) GHG emission reduction targets shall be disclosed for Scope 1, 2, and 3 GHG emissions, either separately or combined. The undertaking shall specify, in case of combined GHG emission reduction targets, which GHG emission Scopes (1, 2 and/or 3) are covered by the target, the share related to each respective GHG emission Scope and which GHGs are covered. The undertaking shall explain how the consistency of these targets with its GHG inventory boundaries is ensured (as required by Disclosure Requirement E1-6). The GHG emission reduction targets shall be gross targets, meaning that the undertaking shall not include GHG removals, carbon credits or avoided emissions as a means of achieving the GHG emission reduction targets; (c) the undertaking shall disclose its current base year and baseline value, and from 2030 onwards, update the base year for its GHG emission reduction targets after every fiveyear period thereafter. The undertaking may disclose the past progress made in meeting its targets before its current base year provided that this information is consistent with the requirements of this Standard; (d) GHG emission reduction targets shall at least include target values for the year 2030 and, if available, for the year 2050. From 2030, target values shall be set after every 5- year period thereafter; (e) the undertaking shall state whether the GHG emission reduction targets are science-based and compatible with limiting global warming to 1.5°C. The undertaking shall state which framework and methodology has been used to determine these targets including whether they are derived using a sectoral decarbonisation pathway and what the underlying climate and policy scenarios are and whether the targets have been externally assured. As part of the critical assumptions for setting GHG emission reduction targets, the undertaking shall briefly explain how it has considered future developments (e.g., changes in sales volumes, shifts in customer preferences and demand, regulatory factors, and new technologies) and how these will potentially impact both its GHG emissions and emissions reductions; and (f) the undertaking shall describe the expected decarbonisation levers and their overall quantitative contributions to achieve the GHG emission reduction targets (e.g., energy or material efficiency and consumption reduction, fuel switching, use of renewable energy, phase out or substitution of product and process).",E2,"GHG emission reduction targets shall be disclosed for Scope 1, 2, and 3 GHG emissions, either separately or combined. The undertaking shall specify, in case of combined GHG emission reduction targets, which GHG emission Scopes (1, 2 and/or 3) are covered by the target, the share related to each respective GHG emission Scope and which GHGs are covered. The undertaking shall explain how the consistency of these targets with its GHG inventory boundaries is ensured (as required by Disclosure Requirement E1-6). The GHG emission reduction targets shall be gross targets, meaning that the undertaking shall not include GHG removals, carbon credits or avoided emissions as a means of achieving the GHG emission reduction targets",Yes,Requirement text,
ESRS E1,ESRS E1 Metrics and Targets 34,"If the undertaking has set GHG emission reduction targets, ESRS 2 MDR-T and the following requirements shall apply: (a) GHG emission reduction targets shall be disclosed in absolute value (either in tonnes of CO2eq or as a percentage of the emissions of a base year) and, where relevant, in intensity value; (b) GHG emission reduction targets shall be disclosed for Scope 1, 2, and 3 GHG emissions, either separately or combined. The undertaking shall specify, in case of combined GHG emission reduction targets, which GHG emission Scopes (1, 2 and/or 3) are covered by the target, the share related to each respective GHG emission Scope and which GHGs are covered. The undertaking shall explain how the consistency of these targets with its GHG inventory boundaries is ensured (as required by Disclosure Requirement E1-6). The GHG emission reduction targets shall be gross targets, meaning that the undertaking shall not include GHG removals, carbon credits or avoided emissions as a means of achieving the GHG emission reduction targets; (c) the undertaking shall disclose its current base year and baseline value, and from 2030 onwards, update the base year for its GHG emission reduction targets after every fiveyear period thereafter. The undertaking may disclose the past progress made in meeting its targets before its current base year provided that this information is consistent with the requirements of this Standard; (d) GHG emission reduction targets shall at least include target values for the year 2030 and, if available, for the year 2050. From 2030, target values shall be set after every 5- year period thereafter; (e) the undertaking shall state whether the GHG emission reduction targets are science-based and compatible with limiting global warming to 1.5°C. The undertaking shall state which framework and methodology has been used to determine these targets including whether they are derived using a sectoral decarbonisation pathway and what the underlying climate and policy scenarios are and whether the targets have been externally assured. As part of the critical assumptions for setting GHG emission reduction targets, the undertaking shall briefly explain how it has considered future developments (e.g., changes in sales volumes, shifts in customer preferences and demand, regulatory factors, and new technologies) and how these will potentially impact both its GHG emissions and emissions reductions; and (f) the undertaking shall describe the expected decarbonisation levers and their overall quantitative contributions to achieve the GHG emission reduction targets (e.g., energy or material efficiency and consumption reduction, fuel switching, use of renewable energy, phase out or substitution of product and process).",E3,"The undertaking shall disclose its current base year and baseline value, and from 2030 onwards, update the base year for its GHG emission reduction targets after every fiveyear period thereafter. The undertaking may disclose the past progress made in meeting its targets before its current base year provided that this information is consistent with the requirements of this Standard",Yes,Requirement text,
ESRS E1,ESRS E1 Metrics and Targets 34,"If the undertaking has set GHG emission reduction targets, ESRS 2 MDR-T and the following requirements shall apply: (a) GHG emission reduction targets shall be disclosed in absolute value (either in tonnes of CO2eq or as a percentage of the emissions of a base year) and, where relevant, in intensity value; (b) GHG emission reduction targets shall be disclosed for Scope 1, 2, and 3 GHG emissions, either separately or combined. The undertaking shall specify, in case of combined GHG emission reduction targets, which GHG emission Scopes (1, 2 and/or 3) are covered by the target, the share related to each respective GHG emission Scope and which GHGs are covered. The undertaking shall explain how the consistency of these targets with its GHG inventory boundaries is ensured (as required by Disclosure Requirement E1-6). The GHG emission reduction targets shall be gross targets, meaning that the undertaking shall not include GHG removals, carbon credits or avoided emissions as a means of achieving the GHG emission reduction targets; (c) the undertaking shall disclose its current base year and baseline value, and from 2030 onwards, update the base year for its GHG emission reduction targets after every fiveyear period thereafter. The undertaking may disclose the past progress made in meeting its targets before its current base year provided that this information is consistent with the requirements of this Standard; (d) GHG emission reduction targets shall at least include target values for the year 2030 and, if available, for the year 2050. From 2030, target values shall be set after every 5- year period thereafter; (e) the undertaking shall state whether the GHG emission reduction targets are science-based and compatible with limiting global warming to 1.5°C. The undertaking shall state which framework and methodology has been used to determine these targets including whether they are derived using a sectoral decarbonisation pathway and what the underlying climate and policy scenarios are and whether the targets have been externally assured. As part of the critical assumptions for setting GHG emission reduction targets, the undertaking shall briefly explain how it has considered future developments (e.g., changes in sales volumes, shifts in customer preferences and demand, regulatory factors, and new technologies) and how these will potentially impact both its GHG emissions and emissions reductions; and (f) the undertaking shall describe the expected decarbonisation levers and their overall quantitative contributions to achieve the GHG emission reduction targets (e.g., energy or material efficiency and consumption reduction, fuel switching, use of renewable energy, phase out or substitution of product and process).",E4,"GHG emission reduction targets shall at least include target values for the year 2030 and, if available, for the year 2050. From 2030, target values shall be set after every 5- year period thereafter",Yes,Requirement text,
ESRS E1,ESRS E1 Metrics and Targets 34,"If the undertaking has set GHG emission reduction targets, ESRS 2 MDR-T and the following requirements shall apply: (a) GHG emission reduction targets shall be disclosed in absolute value (either in tonnes of CO2eq or as a percentage of the emissions of a base year) and, where relevant, in intensity value; (b) GHG emission reduction targets shall be disclosed for Scope 1, 2, and 3 GHG emissions, either separately or combined. The undertaking shall specify, in case of combined GHG emission reduction targets, which GHG emission Scopes (1, 2 and/or 3) are covered by the target, the share related to each respective GHG emission Scope and which GHGs are covered. The undertaking shall explain how the consistency of these targets with its GHG inventory boundaries is ensured (as required by Disclosure Requirement E1-6). The GHG emission reduction targets shall be gross targets, meaning that the undertaking shall not include GHG removals, carbon credits or avoided emissions as a means of achieving the GHG emission reduction targets; (c) the undertaking shall disclose its current base year and baseline value, and from 2030 onwards, update the base year for its GHG emission reduction targets after every fiveyear period thereafter. The undertaking may disclose the past progress made in meeting its targets before its current base year provided that this information is consistent with the requirements of this Standard; (d) GHG emission reduction targets shall at least include target values for the year 2030 and, if available, for the year 2050. From 2030, target values shall be set after every 5- year period thereafter; (e) the undertaking shall state whether the GHG emission reduction targets are science-based and compatible with limiting global warming to 1.5°C. The undertaking shall state which framework and methodology has been used to determine these targets including whether they are derived using a sectoral decarbonisation pathway and what the underlying climate and policy scenarios are and whether the targets have been externally assured. As part of the critical assumptions for setting GHG emission reduction targets, the undertaking shall briefly explain how it has considered future developments (e.g., changes in sales volumes, shifts in customer preferences and demand, regulatory factors, and new technologies) and how these will potentially impact both its GHG emissions and emissions reductions; and (f) the undertaking shall describe the expected decarbonisation levers and their overall quantitative contributions to achieve the GHG emission reduction targets (e.g., energy or material efficiency and consumption reduction, fuel switching, use of renewable energy, phase out or substitution of product and process).",E5,"The undertaking shall state whether the GHG emission reduction targets are science-based and compatible with limiting global warming to 1.5°C. The undertaking shall state which framework and methodology has been used to determine these targets including whether they are derived using a sectoral decarbonisation pathway and what the underlying climate and policy scenarios are and whether the targets have been externally assured. As part of the critical assumptions for setting GHG emission reduction targets, the undertaking shall briefly explain how it has considered future developments (e.g., changes in sales volumes, shifts in customer preferences and demand, regulatory factors, and new technologies) and how these will potentially impact both its GHG emissions and emissions reductions",Yes,Requirement text,
ESRS E1,ESRS E1 Metrics and Targets 34,"If the undertaking has set GHG emission reduction targets, ESRS 2 MDR-T and the following requirements shall apply: (a) GHG emission reduction targets shall be disclosed in absolute value (either in tonnes of CO2eq or as a percentage of the emissions of a base year) and, where relevant, in intensity value; (b) GHG emission reduction targets shall be disclosed for Scope 1, 2, and 3 GHG emissions, either separately or combined. The undertaking shall specify, in case of combined GHG emission reduction targets, which GHG emission Scopes (1, 2 and/or 3) are covered by the target, the share related to each respective GHG emission Scope and which GHGs are covered. The undertaking shall explain how the consistency of these targets with its GHG inventory boundaries is ensured (as required by Disclosure Requirement E1-6). The GHG emission reduction targets shall be gross targets, meaning that the undertaking shall not include GHG removals, carbon credits or avoided emissions as a means of achieving the GHG emission reduction targets; (c) the undertaking shall disclose its current base year and baseline value, and from 2030 onwards, update the base year for its GHG emission reduction targets after every fiveyear period thereafter. The undertaking may disclose the past progress made in meeting its targets before its current base year provided that this information is consistent with the requirements of this Standard; (d) GHG emission reduction targets shall at least include target values for the year 2030 and, if available, for the year 2050. From 2030, target values shall be set after every 5- year period thereafter; (e) the undertaking shall state whether the GHG emission reduction targets are science-based and compatible with limiting global warming to 1.5°C. The undertaking shall state which framework and methodology has been used to determine these targets including whether they are derived using a sectoral decarbonisation pathway and what the underlying climate and policy scenarios are and whether the targets have been externally assured. As part of the critical assumptions for setting GHG emission reduction targets, the undertaking shall briefly explain how it has considered future developments (e.g., changes in sales volumes, shifts in customer preferences and demand, regulatory factors, and new technologies) and how these will potentially impact both its GHG emissions and emissions reductions; and (f) the undertaking shall describe the expected decarbonisation levers and their overall quantitative contributions to achieve the GHG emission reduction targets (e.g., energy or material efficiency and consumption reduction, fuel switching, use of renewable energy, phase out or substitution of product and process).",E6,"The undertaking shall describe the expected decarbonisation levers and their overall quantitative contributions to achieve the GHG emission reduction targets (e.g., energy or material efficiency and consumption reduction, fuel switching, use of renewable energy, phase out or substitution of product and process).",Yes,Requirement text,
ESRS E1,ESRS E1 Metrics and Targets 37,"The disclosure required by paragraph 35 shall include the total energy consumption in MWh related to own operations disaggregated by: (a) total energy consumption from fossil sources; (b) total energy consumption from nuclear sources; (c) total energy consumption from renewable sources disaggregated by: (ci) fuel consumption for renewable sources including biomass (also comprising industrial and municipal waste of biologic origin), biofuels, biogas, hydrogen from renewable sources, etc.; (cii) consumption of purchased or acquired electricity, heat, steam, and cooling from renewable sources; and (ciii) consumption of self-generated non-fuel renewable energy.",E1,Total energy consumption from fossil sources,Yes,Requirement text,
ESRS E1,ESRS E1 Metrics and Targets 37,"The disclosure required by paragraph 35 shall include the total energy consumption in MWh related to own operations disaggregated by: (a) total energy consumption from fossil sources; (b) total energy consumption from nuclear sources; (c) total energy consumption from renewable sources disaggregated by: (ci) fuel consumption for renewable sources including biomass (also comprising industrial and municipal waste of biologic origin), biofuels, biogas, hydrogen from renewable sources, etc.; (cii) consumption of purchased or acquired electricity, heat, steam, and cooling from renewable sources; and (ciii) consumption of self-generated non-fuel renewable energy.",E2,Total energy consumption from nuclear sources,Yes,Requirement text,
ESRS E1,ESRS E1 Metrics and Targets 37,"The disclosure required by paragraph 35 shall include the total energy consumption in MWh related to own operations disaggregated by: (a) total energy consumption from fossil sources; (b) total energy consumption from nuclear sources; (c) total energy consumption from renewable sources disaggregated by: (ci) fuel consumption for renewable sources including biomass (also comprising industrial and municipal waste of biologic origin), biofuels, biogas, hydrogen from renewable sources, etc.; (cii) consumption of purchased or acquired electricity, heat, steam, and cooling from renewable sources; and (ciii) consumption of self-generated non-fuel renewable energy.",E3,"Total energy consumption from renewable sources disaggregated by: Fuel consumption for renewable sources including biomass (also comprising industrial and municipal waste of biologic origin), biofuels, biogas, hydrogen from renewable sources, etc.; Consumption of purchased or acquired electricity, heat, steam, and cooling from renewable sources; Consumption of self-generated non-fuel renewable energy.",Yes,Requirement text,
ESRS E1,ESRS E1 Metrics and Targets 38,"The undertaking with operations in high climate impact sectors shall further disaggregate their total energy consumption from fossil sources by: (a) fuel consumption from coal and coal products; (b) fuel consumption from crude oil and petroleum products; (c) fuel consumption from natural gas; (d) fuel consumption from other fossil sources; (e) consumption of purchased or acquired electricity, heat, steam, or cooling from fossil sources;",E1,Fuel consumption from coal and coal products,Yes,Requirement text,
ESRS E1,ESRS E1 Metrics and Targets 38,"The undertaking with operations in high climate impact sectors shall further disaggregate their total energy consumption from fossil sources by: (a) fuel consumption from coal and coal products; (b) fuel consumption from crude oil and petroleum products; (c) fuel consumption from natural gas; (d) fuel consumption from other fossil sources; (e) consumption of purchased or acquired electricity, heat, steam, or cooling from fossil sources;",E2,Fuel consumption from crude oil and petroleum products,Yes,Requirement text,
ESRS E1,ESRS E1 Metrics and Targets 38,"The undertaking with operations in high climate impact sectors shall further disaggregate their total energy consumption from fossil sources by: (a) fuel consumption from coal and coal products; (b) fuel consumption from crude oil and petroleum products; (c) fuel consumption from natural gas; (d) fuel consumption from other fossil sources; (e) consumption of purchased or acquired electricity, heat, steam, or cooling from fossil sources;",E3,Fuel consumption from natural gas,Yes,Requirement text,
ESRS E1,ESRS E1 Metrics and Targets 38,"The undertaking with operations in high climate impact sectors shall further disaggregate their total energy consumption from fossil sources by: (a) fuel consumption from coal and coal products; (b) fuel consumption from crude oil and petroleum products; (c) fuel consumption from natural gas; (d) fuel consumption from other fossil sources; (e) consumption of purchased or acquired electricity, heat, steam, or cooling from fossil sources;",E4,Fuel consumption from other fossil sources,Yes,Requirement text,
ESRS E1,ESRS E1 Metrics and Targets 38,"The undertaking with operations in high climate impact sectors shall further disaggregate their total energy consumption from fossil sources by: (a) fuel consumption from coal and coal products; (b) fuel consumption from crude oil and petroleum products; (c) fuel consumption from natural gas; (d) fuel consumption from other fossil sources; (e) consumption of purchased or acquired electricity, heat, steam, or cooling from fossil sources;",E5,"Consumption of purchased or acquired electricity, heat, steam, or cooling from fossil sources",Yes,Requirement text,
ESRS E1,ESRS E1 Metrics and Targets 44,The undertaking shall disclose in metric tonnes of CO2eq its: (a) gross Scope 1 GHG emissions; (b) gross Scope 2 GHG emissions; (c) gross Scope 3 GHG emissions; and (d) total GHG emissions.,E1,Gross Scope 1 GHG emissions,Yes,Requirement text,
ESRS E1,ESRS E1 Metrics and Targets 44,The undertaking shall disclose in metric tonnes of CO2eq its: (a) gross Scope 1 GHG emissions; (b) gross Scope 2 GHG emissions; (c) gross Scope 3 GHG emissions; and (d) total GHG emissions.,E2,Gross Scope 2 GHG emissions,Yes,Requirement text,
ESRS E1,ESRS E1 Metrics and Targets 44,The undertaking shall disclose in metric tonnes of CO2eq its: (a) gross Scope 1 GHG emissions; (b) gross Scope 2 GHG emissions; (c) gross Scope 3 GHG emissions; and (d) total GHG emissions.,E3,Gross Scope 3 GHG emissions,Yes,Requirement text,
ESRS E1,ESRS E1 Metrics and Targets 44,The undertaking shall disclose in metric tonnes of CO2eq its: (a) gross Scope 1 GHG emissions; (b) gross Scope 2 GHG emissions; (c) gross Scope 3 GHG emissions; and (d) total GHG emissions.,E4,Total GHG emissions.,Yes,Requirement text,
ESRS E1,ESRS E1 Metrics and Targets 45,"The objective of the Disclosure Requirement in paragraph 44 in respect of: (a) gross Scope 1 GHG emissions as required by paragraph 44 (a) is to provide an understanding of the direct impacts of the undertaking on climate change and the proportion of its total GHG emissions that are regulated under emission trading schemes. (b) gross Scope 2 GHG emissions as required by paragraph 44 (b) is to provide an understanding of the indirect impacts on climate change caused by the undertaking’s consumed energy whether externally purchased or acquired (c) gross Scope 3 GHG emissions as required by paragraph 44 (c) is to provide an understanding of the GHG emissions that occur in the undertaking’s upstream and downstream value chain beyond its Scope 1 and 2 GHG emissions. For many undertakings, Scope 3 GHG emissions may be the main component of their GHG inventory and are an important driver of the undertaking’s transition risks. (d) total GHG emissions as required by paragraph 44 (d) is to provide an overall understanding of the undertaking’s GHG emissions and whether they occur from its own operations or the usptream and donwstream value chain. This disclosure is a prerequisite for measuring progress towards reducing GHG emissions in accordance with the undertaking’s climate-related targets and EU policy goals.",E1,Gross Scope 1 GHG emissions as required by paragraph 44 (a) is to provide an understanding of the direct impacts of the undertaking on climate change and the proportion of its total GHG emissions that are regulated under emission trading schemes.,Yes,Requirement text,
ESRS E1,ESRS E1 Metrics and Targets 45,"The objective of the Disclosure Requirement in paragraph 44 in respect of: (a) gross Scope 1 GHG emissions as required by paragraph 44 (a) is to provide an understanding of the direct impacts of the undertaking on climate change and the proportion of its total GHG emissions that are regulated under emission trading schemes. (b) gross Scope 2 GHG emissions as required by paragraph 44 (b) is to provide an understanding of the indirect impacts on climate change caused by the undertaking’s consumed energy whether externally purchased or acquired (c) gross Scope 3 GHG emissions as required by paragraph 44 (c) is to provide an understanding of the GHG emissions that occur in the undertaking’s upstream and downstream value chain beyond its Scope 1 and 2 GHG emissions. For many undertakings, Scope 3 GHG emissions may be the main component of their GHG inventory and are an important driver of the undertaking’s transition risks. (d) total GHG emissions as required by paragraph 44 (d) is to provide an overall understanding of the undertaking’s GHG emissions and whether they occur from its own operations or the usptream and donwstream value chain. This disclosure is a prerequisite for measuring progress towards reducing GHG emissions in accordance with the undertaking’s climate-related targets and EU policy goals.",E2,Gross Scope 2 GHG emissions as required by paragraph 44 (b) is to provide an understanding of the indirect impacts on climate change caused by the undertaking’s consumed energy whether externally purchased or acquired,Yes,Requirement text,
ESRS E1,ESRS E1 Metrics and Targets 45,"The objective of the Disclosure Requirement in paragraph 44 in respect of: (a) gross Scope 1 GHG emissions as required by paragraph 44 (a) is to provide an understanding of the direct impacts of the undertaking on climate change and the proportion of its total GHG emissions that are regulated under emission trading schemes. (b) gross Scope 2 GHG emissions as required by paragraph 44 (b) is to provide an understanding of the indirect impacts on climate change caused by the undertaking’s consumed energy whether externally purchased or acquired (c) gross Scope 3 GHG emissions as required by paragraph 44 (c) is to provide an understanding of the GHG emissions that occur in the undertaking’s upstream and downstream value chain beyond its Scope 1 and 2 GHG emissions. For many undertakings, Scope 3 GHG emissions may be the main component of their GHG inventory and are an important driver of the undertaking’s transition risks. (d) total GHG emissions as required by paragraph 44 (d) is to provide an overall understanding of the undertaking’s GHG emissions and whether they occur from its own operations or the usptream and donwstream value chain. This disclosure is a prerequisite for measuring progress towards reducing GHG emissions in accordance with the undertaking’s climate-related targets and EU policy goals.",E3,"Gross Scope 3 GHG emissions as required by paragraph 44 (c) is to provide an understanding of the GHG emissions that occur in the undertaking’s upstream and downstream value chain beyond its Scope 1 and 2 GHG emissions. For many undertakings, Scope 3 GHG emissions may be the main component of their GHG inventory and are an important driver of the undertaking’s transition risks.",Yes,Requirement text,
ESRS E1,ESRS E1 Metrics and Targets 45,"The objective of the Disclosure Requirement in paragraph 44 in respect of: (a) gross Scope 1 GHG emissions as required by paragraph 44 (a) is to provide an understanding of the direct impacts of the undertaking on climate change and the proportion of its total GHG emissions that are regulated under emission trading schemes. (b) gross Scope 2 GHG emissions as required by paragraph 44 (b) is to provide an understanding of the indirect impacts on climate change caused by the undertaking’s consumed energy whether externally purchased or acquired (c) gross Scope 3 GHG emissions as required by paragraph 44 (c) is to provide an understanding of the GHG emissions that occur in the undertaking’s upstream and downstream value chain beyond its Scope 1 and 2 GHG emissions. For many undertakings, Scope 3 GHG emissions may be the main component of their GHG inventory and are an important driver of the undertaking’s transition risks. (d) total GHG emissions as required by paragraph 44 (d) is to provide an overall understanding of the undertaking’s GHG emissions and whether they occur from its own operations or the usptream and donwstream value chain. This disclosure is a prerequisite for measuring progress towards reducing GHG emissions in accordance with the undertaking’s climate-related targets and EU policy goals.",E4,Total GHG emissions as required by paragraph 44 (d) is to provide an overall understanding of the undertaking’s GHG emissions and whether they occur from its own operations or the usptream and donwstream value chain. This disclosure is a prerequisite for measuring progress towards reducing GHG emissions in accordance with the undertaking’s climate-related targets and EU policy goals.,Yes,Requirement text,
ESRS E1,ESRS E1 Metrics and Targets 48,The disclosure on gross Scope 1 GHG emissions required by paragraph 44 (a) shall include: (a) the gross Scope 1 GHG emissions in metric tonnes of CO2eq; and (b) the percentage of Scope 1 GHG emissions from regulated emission trading schemes.,E1,The gross Scope 1 GHG emissions in metric tonnes of CO2eq,Yes,Requirement text,
ESRS E1,ESRS E1 Metrics and Targets 48,The disclosure on gross Scope 1 GHG emissions required by paragraph 44 (a) shall include: (a) the gross Scope 1 GHG emissions in metric tonnes of CO2eq; and (b) the percentage of Scope 1 GHG emissions from regulated emission trading schemes.,E2,The percentage of Scope 1 GHG emissions from regulated emission trading schemes.,Yes,Requirement text,
ESRS E1,ESRS E1 Metrics and Targets 49,The disclosure on gross Scope 2 GHG emissions required by paragraph 44 (b) shall include: (a) the gross location-based Scope 2 GHG emissions in metric tonnes of CO2eq; and (b) the gross market-based Scope 2 GHG emissions in metric tonnes of CO2eq.,E1,The gross location-based Scope 2 GHG emissions in metric tonnes of CO2eq,Yes,Requirement text,
ESRS E1,ESRS E1 Metrics and Targets 49,The disclosure on gross Scope 2 GHG emissions required by paragraph 44 (b) shall include: (a) the gross location-based Scope 2 GHG emissions in metric tonnes of CO2eq; and (b) the gross market-based Scope 2 GHG emissions in metric tonnes of CO2eq.,E2,The gross market-based Scope 2 GHG emissions in metric tonnes of CO2eq.,Yes,Requirement text,
ESRS E1,ESRS E1 Metrics and Targets 50,"For Scope 1 and Scope 2 emissions disclosed as required by paragraphs 44 (a) and (b) the undertaking shall disaggregate the information, separately disclosing emissions from: (a) the consolidated accounting group (the parent and subsidiaries); and (b) investees such as associates, joint ventures, or unconsolidated subsidiaries that are not fully consolidated in the financial statements of the consolidated accounting group, as well as contractual arrangements that are joint arrangements not structured through an entity (i.e., jointly controlled operations and assets), for which it has operational control.",E1,The consolidated accounting group (the parent and subsidiaries),Yes,Requirement text,
ESRS E1,ESRS E1 Metrics and Targets 50,"For Scope 1 and Scope 2 emissions disclosed as required by paragraphs 44 (a) and (b) the undertaking shall disaggregate the information, separately disclosing emissions from: (a) the consolidated accounting group (the parent and subsidiaries); and (b) investees such as associates, joint ventures, or unconsolidated subsidiaries that are not fully consolidated in the financial statements of the consolidated accounting group, as well as contractual arrangements that are joint arrangements not structured through an entity (i.e., jointly controlled operations and assets), for which it has operational control.",E2,"Investees such as associates, joint ventures, or unconsolidated subsidiaries that are not fully consolidated in the financial statements of the consolidated accounting group, as well as contractual arrangements that are joint arrangements not structured through an entity (i.e., jointly controlled operations and assets), for which it has operational control.",Yes,Requirement text,
ESRS E1,ESRS E1 Metrics and Targets 52,"The disclosure of total GHG emissions required by paragraph 44 (d) shall be the sum of Scope 1, 2 and 3 GHG emissions required by paragraphs 44 (a) to (c). The total GHG emissions shall be disclosed with a disaggregation that makes a distinction of: (a) the total GHG emissions derived from the underlying Scope 2 GHG emissions being measured using the location-based method; and (b) the total GHG emissions derived from the underlying Scope 2 GHG emissions being measured using the market-based method.",E1,The total GHG emissions derived from the underlying Scope 2 GHG emissions being measured using the location-based method,Yes,Requirement text,
ESRS E1,ESRS E1 Metrics and Targets 52,"The disclosure of total GHG emissions required by paragraph 44 (d) shall be the sum of Scope 1, 2 and 3 GHG emissions required by paragraphs 44 (a) to (c). The total GHG emissions shall be disclosed with a disaggregation that makes a distinction of: (a) the total GHG emissions derived from the underlying Scope 2 GHG emissions being measured using the location-based method; and (b) the total GHG emissions derived from the underlying Scope 2 GHG emissions being measured using the market-based method.",E2,The total GHG emissions derived from the underlying Scope 2 GHG emissions being measured using the market-based method.,Yes,Requirement text,
ESRS E1,ESRS E1 Metrics and Targets 56,"The undertaking shall disclose: (a) GHG removals and storage in metric tonnes of CO2eq resulting from projects it may have developed in its own operations, or contributed to in its upstream and downstream value chain; and (b) the amount of GHG emission reductions or removals from climate change mitigation projects outside its value chain it has financed or intends to finance through any purchase of carbon credits.",E1,"GHG removals and storage in metric tonnes of CO2eq resulting from projects it may have developed in its own operations, or contributed to in its upstream and downstream value chain",Yes,Requirement text,
ESRS E1,ESRS E1 Metrics and Targets 56,"The undertaking shall disclose: (a) GHG removals and storage in metric tonnes of CO2eq resulting from projects it may have developed in its own operations, or contributed to in its upstream and downstream value chain; and (b) the amount of GHG emission reductions or removals from climate change mitigation projects outside its value chain it has financed or intends to finance through any purchase of carbon credits.",E2,The amount of GHG emission reductions or removals from climate change mitigation projects outside its value chain it has financed or intends to finance through any purchase of carbon credits.,Yes,Requirement text,
ESRS E1,ESRS E1 Metrics and Targets 57,"The objective of this Disclosure Requirement is: (a) to provide an understanding of the undertaking’s actions to permanently remove or actively support the removal of GHG from the atmosphere, potentially for achieving net-zero targets (as stated in paragraph 60). (b) to provide an understanding of the extent and quality of carbon credits the undertaking has purchased or intends to purchase from the voluntary market, potentially for supporting its GHG neutrality claims (as stated in paragraph 61).",E1,"To provide an understanding of the undertaking’s actions to permanently remove or actively support the removal of GHG from the atmosphere, potentially for achieving net-zero targets (as stated in paragraph 60).",Yes,Requirement text,
ESRS E1,ESRS E1 Metrics and Targets 57,"The objective of this Disclosure Requirement is: (a) to provide an understanding of the undertaking’s actions to permanently remove or actively support the removal of GHG from the atmosphere, potentially for achieving net-zero targets (as stated in paragraph 60). (b) to provide an understanding of the extent and quality of carbon credits the undertaking has purchased or intends to purchase from the voluntary market, potentially for supporting its GHG neutrality claims (as stated in paragraph 61).",E2,"To provide an understanding of the extent and quality of carbon credits the undertaking has purchased or intends to purchase from the voluntary market, potentially for supporting its GHG neutrality claims (as stated in paragraph 61).",Yes,Requirement text,
ESRS E1,ESRS E1 Metrics and Targets 58,"The disclosure on GHG removals and storage required by paragraph 56 (a) shall include, if applicable: (a) the total amount of GHG removals and storage in metric tonnes of CO2eq disaggregated and separately disclosed for the amount related to the undertaking’s own operations and its upstream and donwstream value chain, and broken down by removal activity; and (b) the calculation assumptions, methodologies and frameworks applied by the undertaking.",E1,"The total amount of GHG removals and storage in metric tonnes of CO2eq disaggregated and separately disclosed for the amount related to the undertaking’s own operations and its upstream and donwstream value chain, and broken down by removal activity",Yes,Requirement text,
ESRS E1,ESRS E1 Metrics and Targets 58,"The disclosure on GHG removals and storage required by paragraph 56 (a) shall include, if applicable: (a) the total amount of GHG removals and storage in metric tonnes of CO2eq disaggregated and separately disclosed for the amount related to the undertaking’s own operations and its upstream and donwstream value chain, and broken down by removal activity; and (b) the calculation assumptions, methodologies and frameworks applied by the undertaking.",E2,"The calculation assumptions, methodologies and frameworks applied by the undertaking.",Yes,Requirement text,
ESRS E1,ESRS E1 Metrics and Targets 59,"The disclosure on carbon credits required by paragraph 56 (b) shall include, if applicable: (a) the total amount of carbon credits outside the undertaking’s value chain in metric tonnes of CO2eq that are verified against recognised quality standards and cancelled in the reporting period; and (b) the total amount of carbon credits outside the undertaking’s value chain in metric tonnes of CO2eq planned to be cancelled in the future and whether they are based on existing contractual agreements or not.",E1,The total amount of carbon credits outside the undertaking’s value chain in metric tonnes of CO2eq that are verified against recognised quality standards and cancelled in the reporting period,Yes,Requirement text,
ESRS E1,ESRS E1 Metrics and Targets 59,"The disclosure on carbon credits required by paragraph 56 (b) shall include, if applicable: (a) the total amount of carbon credits outside the undertaking’s value chain in metric tonnes of CO2eq that are verified against recognised quality standards and cancelled in the reporting period; and (b) the total amount of carbon credits outside the undertaking’s value chain in metric tonnes of CO2eq planned to be cancelled in the future and whether they are based on existing contractual agreements or not.",E2,The total amount of carbon credits outside the undertaking’s value chain in metric tonnes of CO2eq planned to be cancelled in the future and whether they are based on existing contractual agreements or not.,Yes,Requirement text,
ESRS E1,ESRS E1 Metrics and Targets 61,"In the case where the undertaking may have made public claims of GHG neutrality that involve the use of carbon credits, it shall explain: (a) whether and how these claims are accompanied by GHG emission reduction targets as required by Disclosure requirement ESRS E1-4; (b) whether and how these claims and the reliance on carbon credits neither impede nor reduce the achievement of its GHG emission reduction targets47, or, if applicable, its net zero target; and (c) the credibility and integrity of the carbon credits used, including by reference to recognised quality standards.",E1,Whether and how these claims are accompanied by GHG emission reduction targets as required by Disclosure requirement ESRS E1-4,Yes,Requirement text,
ESRS E1,ESRS E1 Metrics and Targets 61,"In the case where the undertaking may have made public claims of GHG neutrality that involve the use of carbon credits, it shall explain: (a) whether and how these claims are accompanied by GHG emission reduction targets as required by Disclosure requirement ESRS E1-4; (b) whether and how these claims and the reliance on carbon credits neither impede nor reduce the achievement of its GHG emission reduction targets47, or, if applicable, its net zero target; and (c) the credibility and integrity of the carbon credits used, including by reference to recognised quality standards.",E2,"Whether and how these claims and the reliance on carbon credits neither impede nor reduce the achievement of its GHG emission reduction targets47, or, if applicable, its net zero target",Yes,Requirement text,
ESRS E1,ESRS E1 Metrics and Targets 61,"In the case where the undertaking may have made public claims of GHG neutrality that involve the use of carbon credits, it shall explain: (a) whether and how these claims are accompanied by GHG emission reduction targets as required by Disclosure requirement ESRS E1-4; (b) whether and how these claims and the reliance on carbon credits neither impede nor reduce the achievement of its GHG emission reduction targets47, or, if applicable, its net zero target; and (c) the credibility and integrity of the carbon credits used, including by reference to recognised quality standards.",E3,"The credibility and integrity of the carbon credits used, including by reference to recognised quality standards.",Yes,Requirement text,
ESRS E1,ESRS E1 Metrics and Targets 63,"The information required in paragraph 62 shall include: (a) the type of internal carbon pricing scheme, for example, the shadow prices applied for CapEX or research and development (R&D) investment decision making, internal carbon fees or internal carbon funds; (b) the specific scope of application of the carbon pricing schemes (activities, geographies, entities, etc.); (c) the carbon prices applied according to the type of scheme and critical assumptions made to determine the prices, including the source of the applied carbon prices and why these are deemed relevant for their chosen application. The undertaking may disclose the calculation methodology of the carbon prices including the extent to which these have been set using scientific guidance and how their future development is related to science-based carbon pricing trajectories.",E1,"The type of internal carbon pricing scheme, for example, the shadow prices applied for CapEX or research and development (R&D) investment decision making, internal carbon fees or internal carbon funds",Yes,Requirement text,
ESRS E1,ESRS E1 Metrics and Targets 63,"The information required in paragraph 62 shall include: (a) the type of internal carbon pricing scheme, for example, the shadow prices applied for CapEX or research and development (R&D) investment decision making, internal carbon fees or internal carbon funds; (b) the specific scope of application of the carbon pricing schemes (activities, geographies, entities, etc.); (c) the carbon prices applied according to the type of scheme and critical assumptions made to determine the prices, including the source of the applied carbon prices and why these are deemed relevant for their chosen application. The undertaking may disclose the calculation methodology of the carbon prices including the extent to which these have been set using scientific guidance and how their future development is related to science-based carbon pricing trajectories.",E2,"The specific scope of application of the carbon pricing schemes (activities, geographies, entities, etc.)",Yes,Requirement text,
ESRS E1,ESRS E1 Metrics and Targets 63,"The information required in paragraph 62 shall include: (a) the type of internal carbon pricing scheme, for example, the shadow prices applied for CapEX or research and development (R&D) investment decision making, internal carbon fees or internal carbon funds; (b) the specific scope of application of the carbon pricing schemes (activities, geographies, entities, etc.); (c) the carbon prices applied according to the type of scheme and critical assumptions made to determine the prices, including the source of the applied carbon prices and why these are deemed relevant for their chosen application. The undertaking may disclose the calculation methodology of the carbon prices including the extent to which these have been set using scientific guidance and how their future development is related to science-based carbon pricing trajectories.",E3,"The carbon prices applied according to the type of scheme and critical assumptions made to determine the prices, including the source of the applied carbon prices and why these are deemed relevant for their chosen application. The undertaking may disclose the calculation methodology of the carbon prices including the extent to which these have been set using scientific guidance and how their future development is related to science-based carbon pricing trajectories.",Yes,Requirement text,
ESRS E1,ESRS E1 Metrics and Targets 64,The undertaking shall disclose its: (a) anticipated financial effects from material physical risks; (b) anticipated financial effects from material transition risks; and (c) potential to benefit from material climate-related opportunities.,E1,Anticipated financial effects from material physical risks,Yes,Requirement text,
ESRS E1,ESRS E1 Metrics and Targets 64,The undertaking shall disclose its: (a) anticipated financial effects from material physical risks; (b) anticipated financial effects from material transition risks; and (c) potential to benefit from material climate-related opportunities.,E2,Anticipated financial effects from material transition risks,Yes,Requirement text,
ESRS E1,ESRS E1 Metrics and Targets 64,The undertaking shall disclose its: (a) anticipated financial effects from material physical risks; (b) anticipated financial effects from material transition risks; and (c) potential to benefit from material climate-related opportunities.,E3,Potential to benefit from material climate-related opportunities.,Yes,Requirement text,
ESRS E1,ESRS E1 Metrics and Targets 65,"The information required by paragraph 64 is in addition to the information on current financial effects required under ESRS 2 SBM-3 para 48 (d). The objective of this Disclosure Requirement related to: (a) anticipated financial effects due to material physical risks and transition risks is to provide an understanding of how these risks have (or could reasonably be expected to have) a material influence on the undertaking’s financial position, financial performance and cash flows, over the short-, medium- and long- term. The results of scenario analysis used to conduct resilience analysis as required under paragraphs AR 10 to AR 13 should inform the assessment of anticipated financial effects from material physical and transition risks. (b) potential to pursue material climate-related opportunities is to enable an understanding of how the undertaking may financially benefit from material climaterelated opportunities. This disclosure is complementary to the key performance indicators to be disclosed in accordance with Commission Delegated Regulation (EU) 2021/2178.",E1,"Anticipated financial effects due to material physical risks and transition risks is to provide an understanding of how these risks have (or could reasonably be expected to have) a material influence on the undertaking’s financial position, financial performance and cash flows, over the short-, medium- and long- term. The results of scenario analysis used to conduct resilience analysis as required under paragraphs AR 10 to AR 13 should inform the assessment of anticipated financial effects from material physical and transition risks.",Yes,Requirement text,
ESRS E1,ESRS E1 Metrics and Targets 65,"The information required by paragraph 64 is in addition to the information on current financial effects required under ESRS 2 SBM-3 para 48 (d). The objective of this Disclosure Requirement related to: (a) anticipated financial effects due to material physical risks and transition risks is to provide an understanding of how these risks have (or could reasonably be expected to have) a material influence on the undertaking’s financial position, financial performance and cash flows, over the short-, medium- and long- term. The results of scenario analysis used to conduct resilience analysis as required under paragraphs AR 10 to AR 13 should inform the assessment of anticipated financial effects from material physical and transition risks. (b) potential to pursue material climate-related opportunities is to enable an understanding of how the undertaking may financially benefit from material climaterelated opportunities. This disclosure is complementary to the key performance indicators to be disclosed in accordance with Commission Delegated Regulation (EU) 2021/2178.",E2,Potential to pursue material climate-related opportunities is to enable an understanding of how the undertaking may financially benefit from material climaterelated opportunities. This disclosure is complementary to the key performance indicators to be disclosed in accordance with Commission Delegated Regulation (EU) 2021/2178.,Yes,Requirement text,
ESRS E1,ESRS E1 Metrics and Targets 66,"The disclosure of anticipated financial effects from material physical risks required by paragraph 64 (a) shall include: (a) the monetary amount and proportion (percentage) of assets at material physical risk over the short-, medium- and long-term before considering climate change adaptation actions; with the monetary amounts of these assets disaggregated by acute and chronic physical risk (b) the proportion of assets at material physical risk addressed by the climate change adaptation actions; (c) the location of significant assets at material physical risk; and (d) the monetary amount and proportion (percentage) of net revenue from its business activities at material physical risk over the short-, medium- and long-term.",E1,"The monetary amount and proportion (percentage) of assets at material physical risk over the short-, medium- and long-term before considering climate change adaptation actions; with the monetary amounts of these assets disaggregated by acute and chronic physical risk",Yes,Requirement text,
ESRS E1,ESRS E1 Metrics and Targets 66,"The disclosure of anticipated financial effects from material physical risks required by paragraph 64 (a) shall include: (a) the monetary amount and proportion (percentage) of assets at material physical risk over the short-, medium- and long-term before considering climate change adaptation actions; with the monetary amounts of these assets disaggregated by acute and chronic physical risk (b) the proportion of assets at material physical risk addressed by the climate change adaptation actions; (c) the location of significant assets at material physical risk; and (d) the monetary amount and proportion (percentage) of net revenue from its business activities at material physical risk over the short-, medium- and long-term.",E2,The proportion of assets at material physical risk addressed by the climate change adaptation actions,Yes,Requirement text,
ESRS E1,ESRS E1 Metrics and Targets 66,"The disclosure of anticipated financial effects from material physical risks required by paragraph 64 (a) shall include: (a) the monetary amount and proportion (percentage) of assets at material physical risk over the short-, medium- and long-term before considering climate change adaptation actions; with the monetary amounts of these assets disaggregated by acute and chronic physical risk (b) the proportion of assets at material physical risk addressed by the climate change adaptation actions; (c) the location of significant assets at material physical risk; and (d) the monetary amount and proportion (percentage) of net revenue from its business activities at material physical risk over the short-, medium- and long-term.",E3,The location of significant assets at material physical risk,Yes,Requirement text,
ESRS E1,ESRS E1 Metrics and Targets 66,"The disclosure of anticipated financial effects from material physical risks required by paragraph 64 (a) shall include: (a) the monetary amount and proportion (percentage) of assets at material physical risk over the short-, medium- and long-term before considering climate change adaptation actions; with the monetary amounts of these assets disaggregated by acute and chronic physical risk (b) the proportion of assets at material physical risk addressed by the climate change adaptation actions; (c) the location of significant assets at material physical risk; and (d) the monetary amount and proportion (percentage) of net revenue from its business activities at material physical risk over the short-, medium- and long-term.",E4,"The monetary amount and proportion (percentage) of net revenue from its business activities at material physical risk over the short-, medium- and long-term.",Yes,Requirement text,
ESRS E1,ESRS E1 Metrics and Targets 67,"The disclosure of anticipated financial effects from material transition risks required by paragraph 64 (b) shall include: (a) he monetary amount and proportion (percentage) of assets at material transition risk over the short-, medium- and long-term before considering climate mitigation actions; (b) the proportion of assets at material transition risk addressed by the climate change mitigation actions; (c) a breakdown of the carrying value of the undertaking’s real estate assets by energy efficiency classes; (d) liabilities that may have to be recognised in financial statements over the short-, medium- and long-term; and (e) the monetary amount and proportion (percentage) of net revenue from its business activit ies at material transition risk over the short-, medium- and long-term including, where relevant, the net revenue from the undertaking’s customers operating in coal, oil and gas-related activities.",E1,"He monetary amount and proportion (percentage) of assets at material transition risk over the short-, medium- and long-term before considering climate mitigation actions",Yes,Requirement text,
ESRS E1,ESRS E1 Metrics and Targets 67,"The disclosure of anticipated financial effects from material transition risks required by paragraph 64 (b) shall include: (a) he monetary amount and proportion (percentage) of assets at material transition risk over the short-, medium- and long-term before considering climate mitigation actions; (b) the proportion of assets at material transition risk addressed by the climate change mitigation actions; (c) a breakdown of the carrying value of the undertaking’s real estate assets by energy efficiency classes; (d) liabilities that may have to be recognised in financial statements over the short-, medium- and long-term; and (e) the monetary amount and proportion (percentage) of net revenue from its business activit ies at material transition risk over the short-, medium- and long-term including, where relevant, the net revenue from the undertaking’s customers operating in coal, oil and gas-related activities.",E2,The proportion of assets at material transition risk addressed by the climate change mitigation actions,Yes,Requirement text,
ESRS E1,ESRS E1 Metrics and Targets 67,"The disclosure of anticipated financial effects from material transition risks required by paragraph 64 (b) shall include: (a) he monetary amount and proportion (percentage) of assets at material transition risk over the short-, medium- and long-term before considering climate mitigation actions; (b) the proportion of assets at material transition risk addressed by the climate change mitigation actions; (c) a breakdown of the carrying value of the undertaking’s real estate assets by energy efficiency classes; (d) liabilities that may have to be recognised in financial statements over the short-, medium- and long-term; and (e) the monetary amount and proportion (percentage) of net revenue from its business activit ies at material transition risk over the short-, medium- and long-term including, where relevant, the net revenue from the undertaking’s customers operating in coal, oil and gas-related activities.",E3,A breakdown of the carrying value of the undertaking’s real estate assets by energy efficiency classes,Yes,Requirement text,
ESRS E1,ESRS E1 Metrics and Targets 67,"The disclosure of anticipated financial effects from material transition risks required by paragraph 64 (b) shall include: (a) he monetary amount and proportion (percentage) of assets at material transition risk over the short-, medium- and long-term before considering climate mitigation actions; (b) the proportion of assets at material transition risk addressed by the climate change mitigation actions; (c) a breakdown of the carrying value of the undertaking’s real estate assets by energy efficiency classes; (d) liabilities that may have to be recognised in financial statements over the short-, medium- and long-term; and (e) the monetary amount and proportion (percentage) of net revenue from its business activit ies at material transition risk over the short-, medium- and long-term including, where relevant, the net revenue from the undertaking’s customers operating in coal, oil and gas-related activities.",E4,"Liabilities that may have to be recognised in financial statements over the short-, medium- and long-term",Yes,Requirement text,
ESRS E1,ESRS E1 Metrics and Targets 67,"The disclosure of anticipated financial effects from material transition risks required by paragraph 64 (b) shall include: (a) he monetary amount and proportion (percentage) of assets at material transition risk over the short-, medium- and long-term before considering climate mitigation actions; (b) the proportion of assets at material transition risk addressed by the climate change mitigation actions; (c) a breakdown of the carrying value of the undertaking’s real estate assets by energy efficiency classes; (d) liabilities that may have to be recognised in financial statements over the short-, medium- and long-term; and (e) the monetary amount and proportion (percentage) of net revenue from its business activit ies at material transition risk over the short-, medium- and long-term including, where relevant, the net revenue from the undertaking’s customers operating in coal, oil and gas-related activities.",E5,"The monetary amount and proportion (percentage) of net revenue from its business activit ies at material transition risk over the short-, medium- and long-term including, where relevant, the net revenue from the undertaking’s customers operating in coal, oil and gas-related activities.",Yes,Requirement text,
ESRS E1,ESRS E1 Metrics and Targets 68,"The undertaking shall disclose reconciliations to the relevant line items or notes in the financial statements of the following: (a) significant amounts of the assets and net revenue at material physical risk (as required by paragraph 66); (b) significant amounts of the assets, liabilities, and net revenue at material transition risk (as required by paragraph 67).",E1,Significant amounts of the assets and net revenue at material physical risk (as required by paragraph 66),Yes,Requirement text,
ESRS E1,ESRS E1 Metrics and Targets 68,"The undertaking shall disclose reconciliations to the relevant line items or notes in the financial statements of the following: (a) significant amounts of the assets and net revenue at material physical risk (as required by paragraph 66); (b) significant amounts of the assets, liabilities, and net revenue at material transition risk (as required by paragraph 67).",E2,"Significant amounts of the assets, liabilities, and net revenue at material transition risk (as required by paragraph 67).",Yes,Requirement text,
ESRS E1,ESRS E1 Metrics and Targets 69,For the disclosure of the potential to pursue climate-related opportunities required by paragraph 64 (c) the undertaking shall consider: (a) its expected cost savings from climate change mitigation and adaptation actions; and (b) the potential market size or expected changes to net revenue from low-carbon products and services or adaptation solutions to which the undertaking has or may have access.,E1,Its expected cost savings from climate change mitigation and adaptation actions,Yes,Requirement text,
ESRS E1,ESRS E1 Metrics and Targets 69,For the disclosure of the potential to pursue climate-related opportunities required by paragraph 64 (c) the undertaking shall consider: (a) its expected cost savings from climate change mitigation and adaptation actions; and (b) the potential market size or expected changes to net revenue from low-carbon products and services or adaptation solutions to which the undertaking has or may have access.,E2,The potential market size or expected changes to net revenue from low-carbon products and services or adaptation solutions to which the undertaking has or may have access.,Yes,Requirement text,
ESRS E1,ESRS E1 Disclosure 77,"When preparing its sustainability statement, the undertaking shall adopt the following time intervals as of the end of the reporting period: (a) for the short-term time horizon: the period adopted by the undertaking as the reporting period in its financial statements; (b) for the medium-term time horizon: from the end of the short-term reporting period defined in (a) up to 5 years; and (c) for the long-term time horizon: more than 5 years.",E1,For the short-term time horizon: the period adopted by the undertaking as the reporting period in its financial statements,Yes,Requirement text,
ESRS E1,ESRS E1 Disclosure 77,"When preparing its sustainability statement, the undertaking shall adopt the following time intervals as of the end of the reporting period: (a) for the short-term time horizon: the period adopted by the undertaking as the reporting period in its financial statements; (b) for the medium-term time horizon: from the end of the short-term reporting period defined in (a) up to 5 years; and (c) for the long-term time horizon: more than 5 years.",E2,For the medium-term time horizon: from the end of the short-term reporting period defined in (a) up to 5 years,Yes,Requirement text,
ESRS E1,ESRS E1 Disclosure 77,"When preparing its sustainability statement, the undertaking shall adopt the following time intervals as of the end of the reporting period: (a) for the short-term time horizon: the period adopted by the undertaking as the reporting period in its financial statements; (b) for the medium-term time horizon: from the end of the short-term reporting period defined in (a) up to 5 years; and (c) for the long-term time horizon: more than 5 years.",E3,For the long-term time horizon: more than 5 years.,Yes,Requirement text,
ESRS E1,ESRS E1 Disclosure 84,When the undertaking reports comparative information that differs from the information reported in the previous period it shall disclose: (a) the difference between the figure reported in the previous period and the revised comparative figure; and (b) the reasons for the revision of the figure.,E1,The difference between the figure reported in the previous period and the revised comparative figure,Yes,Requirement text,
ESRS E1,ESRS E1 Disclosure 84,When the undertaking reports comparative information that differs from the information reported in the previous period it shall disclose: (a) the difference between the figure reported in the previous period and the revised comparative figure; and (b) the reasons for the revision of the figure.,E2,The reasons for the revision of the figure.,Yes,Requirement text,
ESRS E1,ESRS E1 Disclosure 91,"Some ESRS require the disclosure of information such as explanations about possible future events that have uncertain outcomes. In judging whether information about such possible future events is material, the undertaking shall refer to the criteria in Chapter 3 of this Standard and consider: (a) the potential financial effects of the events (the possible outcome); (b) the severity and likelihood of the impacts on people or the environment resulting from the possible events, taking account of the factors of severity specified in paragraph 45; and (c) the full range of possible outcomes and the likelihood of the possible outcomes within that range.",E1,"Some ESRS require the disclosure of information such as explanations about possible future events that have uncertain outcomes. In judging whether information about such possible future events is material, the undertaking shall refer to the criteria in Chapter 3 of this Standard and consider: The potential financial effects of the events (the possible outcome); The severity and likelihood of the impacts on people or the environment resulting from the possible events, taking account of the factors of severity specified in paragraph 45; The full range of possible outcomes and the likelihood of the possible outcomes within that range.",Yes,Requirement text,
ESRS E1,ESRS E1 Disclosure 95,"The definition and calculation of metrics, including metrics used to set targets and monitor progress towards them, shall be consistent over time. The undertaking shall provide restated comparative figures, unless it is impracticable to do so (see ESRS 2 BP-2), when it has: (a) redefined or replaced a metric or target; (b) identified new information in relation to the estimated figures disclosed in the preceding period and the new information provides evidence of circumstances that existed in that period.",E1,Redefined or replaced a metric or target,Yes,Requirement text,
ESRS E1,ESRS E1 Disclosure 95,"The definition and calculation of metrics, including metrics used to set targets and monitor progress towards them, shall be consistent over time. The undertaking shall provide restated comparative figures, unless it is impracticable to do so (see ESRS 2 BP-2), when it has: (a) redefined or replaced a metric or target; (b) identified new information in relation to the estimated figures disclosed in the preceding period and the new information provides evidence of circumstances that existed in that period.",E2,Identified new information in relation to the estimated figures disclosed in the preceding period and the new information provides evidence of circumstances that existed in that period.,Yes,Requirement text,
ESRS E1,ESRS E1 Disclosure 97,"Prior period errors are omissions from, and misstatements in, the undertaking’s sustainability statement for one or more prior periods. Such errors arise from a failure to use, or misuse of, reliable information that: (a) was available when the management report that includes the sustainability statement for those periods was authorised for issuance; and (b) could reasonably be expected to have been obtained and considered in the preparation of sustainability disclosures included in these reports.",E1,Was available when the management report that includes the sustainability statement for those periods was authorised for issuance,Yes,Requirement text,
ESRS E1,ESRS E1 Disclosure 97,"Prior period errors are omissions from, and misstatements in, the undertaking’s sustainability statement for one or more prior periods. Such errors arise from a failure to use, or misuse of, reliable information that: (a) was available when the management report that includes the sustainability statement for those periods was authorised for issuance; and (b) could reasonably be expected to have been obtained and considered in the preparation of sustainability disclosures included in these reports.",E2,Could reasonably be expected to have been obtained and considered in the preparation of sustainability disclosures included in these reports.,Yes,Requirement text,
ESRS E1,ESRS E1 Disclosure 114,"When the undertaking includes in its sustainability statement additional disclosures stemming from (i) other legislation which requires the undertaking to disclose sustainability information, or (ii) generally accepted sustainability reporting standards and frameworks, including non-mandatory guidance and sector-specific guidance, published by other standard_x0002_setting bodies (such as technical material issued by the International Sustainability Standards Board or the Global Reporting Initiative), such disclosures shall: (a) be clearly identified with an appropriate reference to the related legislation, standard or framework (see ESRS 2 BP-2, paragraph 15); (b) meet the requirements for qualitative characteristics of information specified in chapter 2 and Appendix B of this standard.",E1,"When the undertaking includes in its sustainability statement additional disclosures stemming from (i) other legislation which requires the undertaking to disclose sustainability information, or (ii) generally accepted sustainability reporting standards and frameworks, including non-mandatory guidance and sector-specific guidance, published by other standard_x0002_setting bodies (such as technical material issued by the International Sustainability Standards Board or the Global Reporting Initiative), such disclosures shall: Be clearly identified with an appropriate reference to the related legislation, standard or framework (see ESRS 2 BP-2, paragraph 15); Meet the requirements for qualitative characteristics of information specified in chapter 2 and Appendix B of this standard.",Yes,Requirement text,
OSFI,OSFI Chapter 1 Principle 1,The company should have the appropriate governance and accountability structure in place to manage climate related risks,E1,Senior Management has overall accountability for the company's climate risk management. The company should consider whether and how Senior Management compensation policies and related practices should incorproate climate-related risk considerations.,Yes,OSFI guidance,
OSFI,OSFI Chapter 1 Principle 2,The company should incorporate the implications of physical risks from climate change and the risks associated with the transition to a low-greenhouse gas (GHG) economy to the company in its business model and strategy.,E1,"The company should identify and understand the impact of climate-related risks on the company's short term and long-term strategic, capital and financial plans.",Yes,OSFI guidance,
OSFI,OSFI Chapter 1 Principle 2,The company should incorporate the implications of physical risks from climate change and the risks associated with the transition to a low-greenhouse gas (GHG) economy to the company in its business model and strategy.,E2,"The company should develop and implement a Climate Transition Plan (Plan) in line with its business plan and strategy, that guides the company's actions to manage increasing physical risks from climate change, and the risks associated with the transition towards a low-GHG economy. In developing the Plan, the company should assess the achievability of its Plan under different climate-related scenarios and how it would measure and assess its progress against the Plan (e.g internal metrics and targets such as GHG emissions).",Yes,OSFI guidance,
OSFI,OSFI Chapter 1 Principle 3,The company should manage and mitigate climate-related risks in accordance with the company's Risk Appetite Framework.,E1,The company should integrate climate-related risks into its Risk Appetite Framework and Enterprise Risk Management (ERM) framework.,Yes,OSFI guidance,
OSFI,OSFI Chapter 1 Principle 3,The company should manage and mitigate climate-related risks in accordance with the company's Risk Appetite Framework.,E2,"The company should reflect climate-related risks in its Internal Control Framework, relevant policies, and practices, and articulate the roles and responsibilities of different business lines and Oversight Functions in managing climate-related risks.",Yes,OSFI guidance,
OSFI,OSFI Chapter 1 Principle 3,The company should manage and mitigate climate-related risks in accordance with the company's Risk Appetite Framework.,E3,"The company should have processes and controls to identify and measure the current and potential future impact of climate-related risks on its portfolio of exposures (e.g., credit, market, operational, insurance, and liquidity) over appropriate time horizons.",Yes,OSFI guidance,
OSFI,OSFI Chapter 1 Principle 3,The company should manage and mitigate climate-related risks in accordance with the company's Risk Appetite Framework.,E4,"The company should identify, collect, and use reliable, timely, and accurate data pertaining to physical risks (e.g., geophysical location of exposures) and transition risks (e.g., GHG emissions data) relevant to its business activities to inform risk management and decision-making. Where data gaps exist, the company should consider alternative data sources or reasonable proxies to bridge the gap.",Yes,OSFI guidance,
OSFI,OSFI Chapter 1 Principle 3,The company should manage and mitigate climate-related risks in accordance with the company's Risk Appetite Framework.,E5,"The company should implement relevant tools and models, including those used for climate scenario analysis, to measure and assess its climate-related risks. Where the company chooses to use tools and models developed by external third parties to support its assessment, the company should sufficiently understand the embedded data, methodology, assumptions, and their limitations.",Yes,OSFI guidance,
OSFI,OSFI Chapter 1 Principle 3,The company should manage and mitigate climate-related risks in accordance with the company's Risk Appetite Framework.,E6,"The company should incorporate climate-related risks into its internal monitoring and reporting of business performance and risk management effectiveness. It should monitor and report on relevant internal metrics, limits, and indicators to assess the effectiveness of its climate risk management. It should also monitor and report on internal targets to assess the company’s progress in managing its physical risk exposures and risks associated with the transition towards a low-GHG economy, consistent with its Plan.",Yes,OSFI guidance,
OSFI,OSFI Chapter 1 Principle 3,The company should manage and mitigate climate-related risks in accordance with the company's Risk Appetite Framework.,E7,"The company should develop capabilities to aggregate its climate risk data to identify and internally report on climate-related exposures, including risk concentrations (e.g., geographies, sectors, products, or counterparties). It should also have internal reporting systems that can produce reliable, timely, and accurate reporting on these risks to support strategic planning and risk management.",Yes,OSFI guidance,
OSFI,OSFI Chapter 1 Principle 4,"The company should use climate scenario analysis to assess the impact of climate-related risks on its risk profile, business strategy, and business model.",E1,"When undertaking climate scenario analyses, the company should consider a range of plausible and relevant models and climate scenarios, over various time horizons (i.e., short-, medium- and long-term), when climaterelated risks can materialize and drive the company’s risks.",Yes,OSFI guidance,
OSFI,OSFI Chapter 1 Principle 4,"The company should use climate scenario analysis to assess the impact of climate-related risks on its risk profile, business strategy, and business model.",E2,"The company should consider climate scenarios that encompass both physical and transition risks, and the potential interplay between these two types of risks. The company should also understand the methodology and approaches used, including data and methodological limitations, and assumptions.",Yes,OSFI guidance,
OSFI,OSFI Chapter 1 Principle 5,The company should maintain sufficient capital and liquidity buffers for its climate-related risks.,E1,The company should incorporate climate-related risks into its Internal Capital Adequacy Assessment Process (ICAAP) or Own Risk and Solvency Assessment (ORSA) process.,Yes,OSFI guidance,
OSFI,OSFI Chapter 1 Principle 5,The company should maintain sufficient capital and liquidity buffers for its climate-related risks.,E2,"The company should incorporate the impact of climate-related drivers on its liquidity risk profile and integrate a range of company-specific and market-wide severe, yet plausible, climate-related stress events when assessing the adequacy of its liquidity buffers.",Yes,OSFI guidance,
OSFI,OSFI Chapter 2 Principle 1,The company should disclose relevant information.,E1,"The company should provide information specific to the current and potential future impact of climate-related risks and opportunities on its markets, businesses, corporate or investment strategy, financial statements and reports, and future cash flows.",Yes,OSFI guidance,
OSFI,OSFI Chapter 2 Principle 1,The company should disclose relevant information.,E2,"The company should present disclosures in sufficient detail to enable users to assess its exposure and approach to addressing climate-related risks, which is expected to evolve over time as company practices mature.",Yes,OSFI guidance,
OSFI,OSFI Chapter 2 Principle 1,The company should disclose relevant information.,E3,"The company should provide information from the perspective of the current and potential future impact of climaterelated risks and opportunities on value creation, considering and addressing the different time frames and types of impacts.",Yes,OSFI guidance,
OSFI,OSFI Chapter 2 Principle 2,The company should disclose specific and comprehensive information.,E1,"The company should provide disclosures of its exposure to current and potential future impacts of physical and transition risks; the potential nature and size of such impacts; the company’s governance, strategy, processes for managing these risks, and performance with respect to managing climate-related risks and opportunities.",Yes,OSFI guidance,
OSFI,OSFI Chapter 2 Principle 2,The company should disclose specific and comprehensive information.,E2,"To be sufficiently comprehensive, the company should include historical and future-oriented information in its disclosures to allow users to evaluate their previous expectations relative to actual performance and assess possible future financial implications.",Yes,OSFI guidance,
OSFI,OSFI Chapter 2 Principle 2,The company should disclose specific and comprehensive information.,E3,"For quantitative information, the company should use data that is consistent with what is used in its investment and risk management decision-making. The company should provide an explanation of the definition, measurement framework used, scope applied, and for future-oriented information, the key assumptions and judgments used. The company should explain any data limitations and/or methodology challenges it faced during the reporting period and their impact on disclosure.",Yes,OSFI guidance,
OSFI,OSFI Chapter 2 Principle 2,The company should disclose specific and comprehensive information.,E4,"Any scenario analyses should be based on data or other information used by the company for investment decisionmaking and risk management. Where appropriate, the company should also demonstrate the effect on selected risk metrics or exposures of changes in the key underlying methodologies and assumptions, both in qualitative and quantitative terms.",Yes,OSFI guidance,
OSFI,OSFI Chapter 2 Principle 2,The company should disclose specific and comprehensive information.,E5,"Management should exercise discretion to avoid disclosing proprietary and/or confidential information. Management should also exercise discretion to avoid disclosing commercially sensitive information about climate-related opportunities that could seriously prejudice future economic benefits. If the company omits information expected by this Guideline, it should specify the items that it has not disclosed and explain the corresponding rationale.",No,OSFI guidance,Confidentiality discretion; only the statement of omissions can be checked
OSFI,OSFI Chapter 2 Principle 3,"The company should disclose clear, balanced, and understandable information.",E1,"The company should present disclosures that communicate financial information that serves the needs of a range of users (i.e., sufficiently granular to inform sophisticated users but also provide concise information for those who are less specialized.)",Yes,OSFI guidance,
OSFI,OSFI Chapter 2 Principle 3,"The company should disclose clear, balanced, and understandable information.",E2,"The company should show an appropriate balance between qualitative and quantitative information and use text, numbers, and graphical presentations in its disclosures as appropriate.",Yes,OSFI guidance,
OSFI,OSFI Chapter 2 Principle 3,"The company should disclose clear, balanced, and understandable information.",E3,"The company should include fair and balanced narrative explanations that provide insight into the meaning of quantitative disclosures, including the changes or developments they portray over time.",Yes,OSFI guidance,
OSFI,OSFI Chapter 2 Principle 3,"The company should disclose clear, balanced, and understandable information.",E4,The company should provide straightforward explanations of risks and opportunities in its disclosures. Terms used in the disclosures should be explained or defined for a proper understanding by the users.,Yes,OSFI guidance,
OSFI,OSFI Chapter 2 Principle 4,The company should disclose reliable and verifiable information.,E1,"The company should provide high-quality reliable information in its disclosures. This information should be neutral—i.e., free from bias.",Yes,OSFI guidance,
OSFI,OSFI Chapter 2 Principle 4,The company should disclose reliable and verifiable information.,E2,"The company should report information that is verifiable (e.g., amounts disclosed should be traceable to their sources). Disclosures should be defined, collected, recorded, and analyzed in such a way that the information reported is verifiable to ensure it is high quality.",Yes,OSFI guidance,
OSFI,OSFI Chapter 2 Principle 4,The company should disclose reliable and verifiable information.,E3,"To the extent practicable, the company should base its disclosures on objective data and use best-in-class measurement methodologies, which would include common industry practice as it evolves.",Yes,OSFI guidance,
OSFI,OSFI Chapter 2 Principle 4,The company should disclose reliable and verifiable information.,E4,The company should adequately explain future-oriented disclosures that involve the company’s judgment and ensure such disclosures are reasonable and supported.,Yes,OSFI guidance,
OSFI,OSFI Chapter 2 Principle 4,The company should disclose reliable and verifiable information.,E5,The disclosures should be subject to internal governance processes and controls that are the same or substantially like those used for financial reporting.,Yes,OSFI guidance,
OSFI,OSFI Chapter 2 Principle 4,The company should disclose reliable and verifiable information.,E6,"The disclosures are not expected to be subject to independent external assurance at this time, but companys should work towards a future state in which external assurance is expected.",No,OSFI guidance,External assurance is not yet expected
OSFI,OSFI Chapter 2 Principle 5,"The company should disclose information appropriate for its size, nature, and complexity.",E1,"The volume and level of detail of disclosure should be greater for a company that is larger, has more varied business lines and geographic locations, or is systemically important, than for other companys. The company should exercise discretion in determining the appropriate level of detail in its disclosures to enable transparency of its risks, risk management practices, and opportunities.",Yes,OSFI guidance,
OSFI,OSFI Chapter 2 Principle 6,The company should disclose information consistently over time.,E1,The company should disclose information consistently over time.,Yes,OSFI guidance,
OSFI,OSFI Chapter 2 Principle 6,The company should disclose information consistently over time.,E2,"The company should explain: inter-period variances in amounts disclosed; the underlying reasons for the inter-period variances in amounts disclosed (e.g., whether due to changes in climate-related risks, measurement methodologies, presentation, or a combination); and the impact of these reasons on prior period comparability of effected amounts in terms of direction and magnitude. In such instances, or if new information becomes available, retrospective restatement is allowed but not expected.",Yes,OSFI guidance,
OSFI,OSFI Chapter 2 Principle 6,The company should disclose information consistently over time.,E3,"Starting in the reporting period after implementation, companys should disclose comparative period amounts and, to the extent useful for an understanding of the disclosures, comparative period narrative information.",Yes,OSFI guidance,
