Framework 1,Framework 2,Similarity
TCFD,TNFD,0.48580174272259075
TCFD,PRA,0.23524054884910583
TCFD,IFRS,0.2523530203435156
TCFD,TPT,0.15317750781153638
TCFD,ESRS,0.22506307589355856
TNFD,PRA,0.22991521190851927
TNFD,IFRS,0.23779052236738304
TNFD,TPT,0.2119893316878006
TNFD,ESRS,0.22413806741315057
PRA,IFRS,0.2953542077292999
PRA,TPT,0.23302435825268428
PRA,ESRS,0.3269041081269582
IFRS,TPT,0.2894292602936427
IFRS,ESRS,0.2316846524370097
TPT,ESRS,0.26413264954462645
