Framework 1,Framework 2,Similarity
PRA,MAS,0.3168241490920385
PRA,ESRS,0.18805091977941202
PRA,OSFI,0.26648543775081635
MAS,ESRS,0.18170758169235698
MAS,OSFI,0.2907709578673045
ESRS,OSFI,0.1905417761847596
