Framework 1,Framework 2,Similarity
TCFD,TNFD,0.5128121872742971
TCFD,ESRS,0.14568644713748385
TNFD,ESRS,0.12240990633317442
