Framework 1,Framework 2,Similarity
PRA,MAS,0.3168241490920385
PRA,ESRS,0.18805091977941202
PRA,OSFI,0.26648543775081635
PRA,SBTi,0.031375418634464344
MAS,ESRS,0.18170758169235698
MAS,OSFI,0.2907709578673045
MAS,SBTi,0.019779544323682785
ESRS,OSFI,0.1905417761847596
ESRS,SBTi,0.027948082575355384
OSFI,SBTi,0.03307472293575605
