Framework 1,Framework 2,Similarity
PRA,MAS,0.3168241490920385
PRA,ESRS,0.18805091977941202
PRA,OSFI,0.26648543775081635
PRA,SBTi,0.17912637955612606
MAS,ESRS,0.18170758169235698
MAS,OSFI,0.2907709578673045
MAS,SBTi,0.19064004608878382
ESRS,OSFI,0.1905417761847596
ESRS,SBTi,0.12503772418815917
OSFI,SBTi,0.11751481243926618
