Framework 1,Framework 2,Similarity
TCFD,TNFD,0.5128121872742971
TCFD,ESRS,0.14568644713748385
TCFD,SBTi,0.08165462101527063
TNFD,ESRS,0.12240990633317442
TNFD,SBTi,0.0711076781158039
ESRS,SBTi,0.13019893129793814
