Framework 1,Framework 2,Similarity
PRA,MAS,0.3168241490920385
PRA,ESRS,0.18805091977941202
MAS,ESRS,0.18170758169235698
